exchange,crypto,fiat,market_type,time,candle_usd_volume
binance,usdt,ars,spot,2023-04,126129.43402749699
binance,usdt,ars,spot,2023-05,3217470.6296800873
binance,usdt,ars,spot,2023-06,6311905.493863895
binance,usdt,ars,spot,2023-07,9106520.657626903
binance,usdt,ars,spot,2023-08,11085034.201154947
binance,usdt,ars,spot,2023-09,7754741.098498333
binance,usdt,ars,spot,2023-10,13384244.533524342
binance,usdt,ars,spot,2023-11,15909209.847789228
binance,usdt,ars,spot,2023-12,21089875.30132661
binance,usdt,ars,spot,2024-01,19845871.239584044
binance,usdt,ars,spot,2024-02,32412057.713234063
binance,usdt,ars,spot,2024-03,68725637.83634166
binance,usdt,ars,spot,2024-04,41727851.858979434
binance,usdt,brl,spot,2020-10,2419719.462529092
binance,usdt,brl,spot,2020-11,11101812.857559172
binance,usdt,brl,spot,2020-12,20155080.113506734
binance,usdt,brl,spot,2021-01,60943919.18307456
binance,usdt,brl,spot,2021-02,130237468.62251987
binance,usdt,brl,spot,2021-03,271269189.6276424
binance,usdt,brl,spot,2021-04,409762136.3384663
binance,usdt,brl,spot,2021-05,659640785.9487809
binance,usdt,brl,spot,2021-06,359642154.6248547
binance,usdt,brl,spot,2021-07,366677878.9192554
binance,usdt,brl,spot,2021-08,588395637.0839435
binance,usdt,brl,spot,2021-09,636701938.4603257
binance,usdt,brl,spot,2021-10,969655102.7306837
binance,usdt,brl,spot,2021-11,988624077.3202857
binance,usdt,brl,spot,2021-12,745828531.7529422
binance,usdt,brl,spot,2022-01,560329631.3950205
binance,usdt,brl,spot,2022-02,473841621.5485288
binance,usdt,brl,spot,2022-03,616297308.4280608
binance,usdt,brl,spot,2022-04,699280433.365812
binance,usdt,brl,spot,2022-05,638837760.8106713
binance,usdt,brl,spot,2022-06,461761117.2942265
binance,usdt,brl,spot,2022-07,305327634.716845
binance,usdt,brl,spot,2022-08,386490037.605612
binance,usdt,brl,spot,2022-09,303640359.41754925
binance,usdt,brl,spot,2022-10,255147235.07979086
binance,usdt,brl,spot,2022-11,391189795.29339504
binance,usdt,brl,spot,2022-12,241599949.86494213
binance,usdt,brl,spot,2023-01,251593540.62428233
binance,usdt,brl,spot,2023-02,264428465.77372164
binance,usdt,brl,spot,2023-03,342980780.6124225
binance,usdt,brl,spot,2023-04,240595628.83687502
binance,usdt,brl,spot,2023-05,228728984.93821442
binance,usdt,brl,spot,2023-06,231410576.58971643
binance,usdt,brl,spot,2023-07,235621770.35201687
binance,usdt,brl,spot,2023-08,239564626.01496604
binance,usdt,brl,spot,2023-09,212031458.55571342
binance,usdt,brl,spot,2023-10,235975148.83464828
binance,usdt,brl,spot,2023-11,271570345.0622209
binance,usdt,brl,spot,2023-12,373322719.5455125
binance,usdt,brl,spot,2024-01,422684529.1323851
binance,usdt,brl,spot,2024-02,416372250.54198176
binance,usdt,brl,spot,2024-03,763588552.3340056
binance,usdt,brl,spot,2024-04,452127940.1182467
binance,usdt,ngn,spot,2020-09,16965027.36042696
binance,usdt,ngn,spot,2020-10,37930638.40209755
binance,usdt,ngn,spot,2020-11,90965851.40851817
binance,usdt,ngn,spot,2020-12,165914872.03398728
binance,usdt,ngn,spot,2021-01,276710255.1788612
binance,usdt,ngn,spot,2021-02,109454428.28147617
binance,usdt,ngn,spot,2021-03,26400299.420775138
binance,usdt,ngn,spot,2021-04,18318050.88085994
binance,usdt,ngn,spot,2021-05,18780627.829665635
binance,usdt,ngn,spot,2021-06,9253724.551627008
binance,usdt,ngn,spot,2021-07,8829441.30743138
binance,usdt,ngn,spot,2021-08,6502987.625791685
binance,usdt,ngn,spot,2021-09,6902843.287252887
binance,usdt,ngn,spot,2021-10,7819864.416153037
binance,usdt,ngn,spot,2021-11,5199596.368046111
binance,usdt,ngn,spot,2021-12,2617655.5817322484
binance,usdt,ngn,spot,2022-01,2279330.9802631107
binance,usdt,ngn,spot,2022-02,1991708.417484078
binance,usdt,ngn,spot,2022-03,2377082.7711154837
binance,usdt,ngn,spot,2022-04,2567735.3480677158
binance,usdt,ngn,spot,2022-05,2862119.8881107876
binance,usdt,ngn,spot,2022-06,2730635.9505727915
binance,usdt,ngn,spot,2022-07,2633987.2183814226
binance,usdt,ngn,spot,2022-08,3414725.7980507207
binance,usdt,ngn,spot,2022-09,2394593.376875844
binance,usdt,ngn,spot,2022-10,1823319.2836816194
binance,usdt,ngn,spot,2022-11,10173805.856222903
binance,usdt,ngn,spot,2022-12,7736228.9965844415
binance,usdt,ngn,spot,2023-01,6258928.234752292
binance,usdt,ngn,spot,2023-02,7620109.7177464245
binance,usdt,ngn,spot,2023-03,10486215.1967877
binance,usdt,ngn,spot,2023-04,13385155.68159069
binance,usdt,ngn,spot,2023-05,14009226.03006272
binance,usdt,ngn,spot,2023-06,16873774.375060327
binance,usdt,ngn,spot,2023-07,18794900.45205721
binance,usdt,ngn,spot,2023-08,29613152.616707508
binance,usdt,ngn,spot,2023-09,20913811.7642931
binance,usdt,ngn,spot,2023-10,23468183.781061783
binance,usdt,ngn,spot,2023-11,22843899.775902182
binance,usdt,ngn,spot,2023-12,27576497.070859194
binance,usdt,ngn,spot,2024-01,24660747.413686246
binance,usdt,ngn,spot,2024-02,38982904.39650157
binance,usdt,ngn,spot,2024-03,14177409.137754556
binance,usdt,pln,spot,2023-04,5828820.417480162
binance,usdt,pln,spot,2023-05,12450223.164919684
binance,usdt,pln,spot,2023-06,13683603.664442355
binance,usdt,pln,spot,2023-07,14687597.766885513
binance,usdt,pln,spot,2023-08,21669571.058644436
binance,usdt,pln,spot,2023-09,16862293.78044065
binance,usdt,pln,spot,2023-10,21687925.716614358
binance,usdt,pln,spot,2023-11,30428936.8838756
binance,usdt,pln,spot,2023-12,37437691.54421753
binance,usdt,pln,spot,2024-01,43690673.61703405
binance,usdt,pln,spot,2024-02,36279901.25105876
binance,usdt,pln,spot,2024-03,73730892.29604013
binance,usdt,pln,spot,2024-04,46536220.44356519
binance,usdt,ron,spot,2023-04,645971.7124272584
binance,usdt,ron,spot,2023-05,1995510.8937851125
binance,usdt,ron,spot,2023-06,2871301.967469417
binance,usdt,ron,spot,2023-07,3082259.2638916587
binance,usdt,ron,spot,2023-08,3906290.005582576
binance,usdt,ron,spot,2023-09,5034593.627536789
binance,usdt,ron,spot,2023-10,7999114.766350329
binance,usdt,ron,spot,2023-11,10596844.776905516
binance,usdt,ron,spot,2023-12,11982195.169367997
binance,usdt,ron,spot,2024-01,9087140.469160587
binance,usdt,ron,spot,2024-02,8454932.597775808
binance,usdt,ron,spot,2024-03,18118971.188332647
binance,usdt,ron,spot,2024-04,10193543.290401386
binance,usdt,rub,spot,2019-12,333916.0977807949
binance,usdt,rub,spot,2020-01,1618439.2775336802
binance,usdt,rub,spot,2020-02,4138211.739766258
binance,usdt,rub,spot,2020-03,12383175.698231727
binance,usdt,rub,spot,2020-04,4716016.6145540625
binance,usdt,rub,spot,2020-05,5747017.146798526
binance,usdt,rub,spot,2020-06,5710844.960013396
binance,usdt,rub,spot,2020-07,6594260.962822829
binance,usdt,rub,spot,2020-08,20921484.098218165
binance,usdt,rub,spot,2020-09,17814496.27099277
binance,usdt,rub,spot,2020-10,10863840.448964594
binance,usdt,rub,spot,2020-11,17431750.145947654
binance,usdt,rub,spot,2020-12,36033307.78184214
binance,usdt,rub,spot,2021-01,39216696.80571609
binance,usdt,rub,spot,2021-02,55867783.9706169
binance,usdt,rub,spot,2021-03,74739334.41512775
binance,usdt,rub,spot,2021-04,146790248.95299605
binance,usdt,rub,spot,2021-05,312979576.89328307
binance,usdt,rub,spot,2021-06,96434865.91708292
binance,usdt,rub,spot,2021-07,115671032.44864462
binance,usdt,rub,spot,2021-08,144558152.93243742
binance,usdt,rub,spot,2021-09,131039146.88927987
binance,usdt,rub,spot,2021-10,141954506.82236063
binance,usdt,rub,spot,2021-11,188967489.8590779
binance,usdt,rub,spot,2021-12,143354941.16331992
binance,usdt,rub,spot,2022-01,145076754.0178994
binance,usdt,rub,spot,2022-02,190827986.72910562
binance,usdt,rub,spot,2022-03,333575784.68171674
binance,usdt,rub,spot,2022-04,76307770.7887203
binance,usdt,rub,spot,2022-05,122472802.89754328
binance,usdt,rub,spot,2022-06,214804178.41036168
binance,usdt,rub,spot,2022-07,110110757.48796034
binance,usdt,rub,spot,2022-08,66083057.23197052
binance,usdt,rub,spot,2022-09,57371942.29195357
binance,usdt,rub,spot,2022-10,67970718.51841338
binance,usdt,rub,spot,2022-11,76595086.83070175
binance,usdt,rub,spot,2022-12,79372671.86189263
binance,usdt,rub,spot,2023-01,40935234.11675978
binance,usdt,rub,spot,2023-02,33116991.19328402
binance,usdt,rub,spot,2023-03,31492331.877685826
binance,usdt,rub,spot,2023-04,37367266.260823116
binance,usdt,rub,spot,2023-05,38538806.16680861
binance,usdt,rub,spot,2023-06,46498246.653372355
binance,usdt,rub,spot,2023-07,48806890.29655786
binance,usdt,rub,spot,2023-08,57721814.15024218
binance,usdt,rub,spot,2023-09,24925885.886140462
binance,usdt,rub,spot,2023-10,25916483.722278435
binance,usdt,rub,spot,2023-11,31037571.34779406
binance,usdt,rub,spot,2023-12,9560328.665416492
binance,usdt,rub,spot,2024-01,6013221.751015673
binance,usdt,try,spot,2019-12,56391.54966320091
binance,usdt,try,spot,2020-01,1274958.9599713795
binance,usdt,try,spot,2020-02,4614736.196728308
binance,usdt,try,spot,2020-03,19539397.66580247
binance,usdt,try,spot,2020-04,14638169.424494686
binance,usdt,try,spot,2020-05,21904455.174860924
binance,usdt,try,spot,2020-06,13086561.671624454
binance,usdt,try,spot,2020-07,16057350.081569752
binance,usdt,try,spot,2020-08,36636641.86316357
binance,usdt,try,spot,2020-09,30708246.851244673
binance,usdt,try,spot,2020-10,28988278.246664893
binance,usdt,try,spot,2020-11,90101233.68752824
binance,usdt,try,spot,2020-12,97836386.74042493
binance,usdt,try,spot,2021-01,363062812.9356144
binance,usdt,try,spot,2021-02,1089038410.29387
binance,usdt,try,spot,2021-03,2288170457.7173367
binance,usdt,try,spot,2021-04,4035646337.138043
binance,usdt,try,spot,2021-05,3901020750.7185054
binance,usdt,try,spot,2021-06,1871896797.0983796
binance,usdt,try,spot,2021-07,1427291453.5852058
binance,usdt,try,spot,2021-08,2744023374.208643
binance,usdt,try,spot,2021-09,3300990601.856654
binance,usdt,try,spot,2021-10,4370159973.60662
binance,usdt,try,spot,2021-11,5480825963.566594
binance,usdt,try,spot,2021-12,5604018676.110296
binance,usdt,try,spot,2022-01,2155545848.487423
binance,usdt,try,spot,2022-02,1697084062.891355
binance,usdt,try,spot,2022-03,2423594196.8397183
binance,usdt,try,spot,2022-04,2354096572.679129
binance,usdt,try,spot,2022-05,2720872157.0634
binance,usdt,try,spot,2022-06,2181048825.114524
binance,usdt,try,spot,2022-07,1693557135.455526
binance,usdt,try,spot,2022-08,1724136105.2821927
binance,usdt,try,spot,2022-09,1527558108.141942
binance,usdt,try,spot,2022-10,1394821229.0256636
binance,usdt,try,spot,2022-11,1905178809.6326349
binance,usdt,try,spot,2022-12,1117559815.4469097
binance,usdt,try,spot,2023-01,1675317310.8295197
binance,usdt,try,spot,2023-02,1884214519.4096844
binance,usdt,try,spot,2023-03,2318068671.6147814
binance,usdt,try,spot,2023-04,2973567608.4881644
binance,usdt,try,spot,2023-05,2587937987.186116
binance,usdt,try,spot,2023-06,2380700854.9340816
binance,usdt,try,spot,2023-07,1775964280.4628618
binance,usdt,try,spot,2023-08,2009570869.5087233
binance,usdt,try,spot,2023-09,1946018988.5722735
binance,usdt,try,spot,2023-10,2139219611.4117835
binance,usdt,try,spot,2023-11,2946966110.381582
binance,usdt,try,spot,2023-12,3562539161.6111293
binance,usdt,try,spot,2024-01,3294539284.909924
binance,usdt,try,spot,2024-02,3163142803.917554
binance,usdt,try,spot,2024-03,5321123505.513153
binance,usdt,try,spot,2024-04,2380318949.567638
binance,usdt,uah,spot,2020-06,99845.76553226935
binance,usdt,uah,spot,2020-07,722623.0434066427
binance,usdt,uah,spot,2020-08,2094930.9134329779
binance,usdt,uah,spot,2020-09,3601528.639052707
binance,usdt,uah,spot,2020-10,2494189.9099531597
binance,usdt,uah,spot,2020-11,4469766.446343494
binance,usdt,uah,spot,2020-12,6065208.153011499
binance,usdt,uah,spot,2021-01,10171468.217610093
binance,usdt,uah,spot,2021-02,14615099.993883213
binance,usdt,uah,spot,2021-03,14360886.495907463
binance,usdt,uah,spot,2021-04,36889996.80302976
binance,usdt,uah,spot,2021-05,89478971.73207521
binance,usdt,uah,spot,2021-06,86626736.36199507
binance,usdt,uah,spot,2021-07,83387441.32952209
binance,usdt,uah,spot,2021-08,106469965.75467457
binance,usdt,uah,spot,2021-09,216779966.72132343
binance,usdt,uah,spot,2021-10,178073587.7731751
binance,usdt,uah,spot,2021-11,80706104.17967571
binance,usdt,uah,spot,2021-12,53466096.16512351
binance,usdt,uah,spot,2022-01,58436115.62742648
binance,usdt,uah,spot,2022-02,67192600.84834772
binance,usdt,uah,spot,2022-03,211169747.77723366
binance,usdt,uah,spot,2022-04,123926708.92843182
binance,usdt,uah,spot,2022-05,144455926.7304167
binance,usdt,uah,spot,2022-06,106867520.14194031
binance,usdt,uah,spot,2022-07,97452847.02249436
binance,usdt,uah,spot,2022-08,46362090.377100736
binance,usdt,uah,spot,2022-09,34098220.86103366
binance,usdt,uah,spot,2022-10,29548310.05767578
binance,usdt,uah,spot,2022-11,40673390.45658754
binance,usdt,uah,spot,2022-12,30493094.883007422
binance,usdt,uah,spot,2023-01,25470816.87808056
binance,usdt,uah,spot,2023-02,22861334.039963298
binance,usdt,uah,spot,2023-03,33891482.749225676
binance,usdt,uah,spot,2023-04,71254918.8963153
binance,usdt,uah,spot,2023-05,21955296.146873664
binance,usdt,uah,spot,2023-06,6562495.490053793
binance,usdt,uah,spot,2023-07,6480268.834607621
binance,usdt,uah,spot,2023-08,8428090.302170746
binance,usdt,uah,spot,2023-09,6936680.062118147
binance,usdt,uah,spot,2023-10,13694960.520523425
binance,usdt,uah,spot,2023-11,12453758.474792236
binance,usdt,uah,spot,2023-12,15807609.68742692
binance,usdt,uah,spot,2024-01,14634890.328552159
binance,usdt,uah,spot,2024-02,15457213.024289891
binance,usdt,uah,spot,2024-03,13721969.469361449
binance,usdt,uah,spot,2024-04,5255354.134338612
binance,usdt,zar,spot,2020-03,563253.8920286443
binance,usdt,zar,spot,2020-04,1311534.9973766552
binance,usdt,zar,spot,2020-05,795781.3180316868
binance,usdt,zar,spot,2020-06,289950.41864489566
binance,usdt,zar,spot,2020-07,661048.9220130165
binance,usdt,zar,spot,2020-08,1057317.759836496
binance,usdt,zar,spot,2020-09,2106373.6550665325
binance,usdt,zar,spot,2020-10,433860.87952351145
binance,usdt,zar,spot,2020-11,1164303.0543780117
binance,usdt,zar,spot,2020-12,1968156.9040060716
binance,usdt,zar,spot,2021-01,4190450.3724915115
binance,usdt,zar,spot,2021-02,5203064.542897568
binance,usdt,zar,spot,2021-03,4521570.735627565
binance,usdt,zar,spot,2021-04,384539.404986002
binance,usdt,zar,spot,2021-05,0.0
binance,usdt,zar,spot,2023-06,7463328.863612798
binance,usdt,zar,spot,2023-07,10779152.791157486
binance,usdt,zar,spot,2023-08,12510240.864713723
binance,usdt,zar,spot,2023-09,11616315.91305568
binance,usdt,zar,spot,2023-10,12089853.99114999
binance,usdt,zar,spot,2023-11,14694080.133904923
binance,usdt,zar,spot,2023-12,11924450.504895875
binance,usdt,zar,spot,2024-01,11977544.260355357
binance,usdt,zar,spot,2024-02,9208600.212195357
binance,usdt,zar,spot,2024-03,15342655.089164311
binance,usdt,zar,spot,2024-04,7590397.490253758
binance.us,usdt,usd,spot,2019-09,1882113.943603
binance.us,usdt,usd,spot,2019-10,24564977.078777
binance.us,usdt,usd,spot,2019-11,10036958.154579
binance.us,usdt,usd,spot,2019-12,6019709.395676
binance.us,usdt,usd,spot,2020-01,12586219.847229
binance.us,usdt,usd,spot,2020-02,26348877.032945
binance.us,usdt,usd,spot,2020-03,24933483.826736
binance.us,usdt,usd,spot,2020-04,16206975.153026
binance.us,usdt,usd,spot,2020-05,15116104.955434
binance.us,usdt,usd,spot,2020-06,18783091.278895
binance.us,usdt,usd,spot,2020-07,48501137.996927
binance.us,usdt,usd,spot,2020-08,71649433.880135
binance.us,usdt,usd,spot,2020-09,63109680.419934
binance.us,usdt,usd,spot,2020-10,43518639.130434
binance.us,usdt,usd,spot,2020-11,135572205.960438
binance.us,usdt,usd,spot,2020-12,336321916.447063
binance.us,usdt,usd,spot,2021-01,1676553527.14677
binance.us,usdt,usd,spot,2021-02,1917711128.922565
binance.us,usdt,usd,spot,2021-03,1913292111.6355
binance.us,usdt,usd,spot,2021-04,2401634586.454924
binance.us,usdt,usd,spot,2021-05,6104033488.072842
binance.us,usdt,usd,spot,2021-06,3270339994.435988
binance.us,usdt,usd,spot,2021-07,733712327.144748
binance.us,usdt,usd,spot,2021-08,726116065.302937
binance.us,usdt,usd,spot,2021-09,944988178.896898
binance.us,usdt,usd,spot,2021-10,992953330.395757
binance.us,usdt,usd,spot,2021-11,788481689.873304
binance.us,usdt,usd,spot,2021-12,427330657.216808
binance.us,usdt,usd,spot,2022-01,323372661.275504
binance.us,usdt,usd,spot,2022-02,243647743.770369
binance.us,usdt,usd,spot,2022-03,420478671.189672
binance.us,usdt,usd,spot,2022-04,270547725.487459
binance.us,usdt,usd,spot,2022-05,803048351.704985
binance.us,usdt,usd,spot,2022-06,202614830.065713
binance.us,usdt,usd,spot,2022-07,182568260.91840202
binance.us,usdt,usd,spot,2022-08,122435993.492508
binance.us,usdt,usd,spot,2022-09,94156723.597054
binance.us,usdt,usd,spot,2022-10,86167522.947943
binance.us,usdt,usd,spot,2022-11,198399821.241056
binance.us,usdt,usd,spot,2022-12,110026945.868904
binance.us,usdt,usd,spot,2023-01,148316621.866763
binance.us,usdt,usd,spot,2023-02,122707733.843166
binance.us,usdt,usd,spot,2023-03,144377820.04016802
binance.us,usdt,usd,spot,2023-04,162827459.4677
binance.us,usdt,usd,spot,2023-05,193721678.2679
binance.us,usdt,usd,spot,2023-06,161509280.988583
binance.us,usdt,usd,spot,2023-07,51686314.6033
binance.us,usdt,usd,spot,2023-08,19161834.3174
binance.us,usdt,usd,spot,2023-09,12512660.1943
binance.us,usdt,usd,spot,2023-10,14636846.0106
binance.us,usdt,usd,spot,2023-11,18769615.6538
binance.us,usdt,usd,spot,2023-12,22704846.243
binance.us,usdt,usd,spot,2024-01,14193991.9898
binance.us,usdt,usd,spot,2024-02,21684946.9655
binance.us,usdt,usd,spot,2024-03,62430397.5126
binance.us,usdt,usd,spot,2024-04,17462450.924000002
bitfinex,usdt,usd,spot,2019-01,168439895.82892877
bitfinex,usdt,usd,spot,2019-02,100813546.52404663
bitfinex,usdt,usd,spot,2019-03,66385437.61536879
bitfinex,usdt,usd,spot,2019-04,129320503.08751372
bitfinex,usdt,usd,spot,2019-05,279273494.1849896
bitfinex,usdt,usd,spot,2019-06,308437353.31036586
bitfinex,usdt,usd,spot,2019-07,254864910.41122794
bitfinex,usdt,usd,spot,2019-08,101919654.9963069
bitfinex,usdt,usd,spot,2019-09,109131335.15868436
bitfinex,usdt,usd,spot,2019-10,94502548.82094401
bitfinex,usdt,usd,spot,2019-11,106028925.35784204
bitfinex,usdt,usd,spot,2019-12,81785026.51796804
bitfinex,usdt,usd,spot,2020-01,110234521.58806926
bitfinex,usdt,usd,spot,2020-02,138068795.3815824
bitfinex,usdt,usd,spot,2020-03,252544034.96087968
bitfinex,usdt,usd,spot,2020-04,101993203.35410033
bitfinex,usdt,usd,spot,2020-05,149360791.24996984
bitfinex,usdt,usd,spot,2020-06,124832233.14309433
bitfinex,usdt,usd,spot,2020-07,364214886.9213268
bitfinex,usdt,usd,spot,2020-08,532223836.98424286
bitfinex,usdt,usd,spot,2020-09,528089257.70176715
bitfinex,usdt,usd,spot,2020-10,577126746.3258345
bitfinex,usdt,usd,spot,2020-11,1297570642.3900826
bitfinex,usdt,usd,spot,2020-12,1820697101.772327
bitfinex,usdt,usd,spot,2021-01,3691069966.910952
bitfinex,usdt,usd,spot,2021-02,3270835552.52154
bitfinex,usdt,usd,spot,2021-03,2711517152.6489024
bitfinex,usdt,usd,spot,2021-04,3637105375.170777
bitfinex,usdt,usd,spot,2021-05,5861977138.551446
bitfinex,usdt,usd,spot,2021-06,3923710128.253439
bitfinex,usdt,usd,spot,2021-07,2810294883.9007835
bitfinex,usdt,usd,spot,2021-08,3164441918.20459
bitfinex,usdt,usd,spot,2021-09,2447743211.178627
bitfinex,usdt,usd,spot,2021-10,2434436198.4364905
bitfinex,usdt,usd,spot,2021-11,3090635333.7981935
bitfinex,usdt,usd,spot,2021-12,2099644681.254437
bitfinex,usdt,usd,spot,2022-01,1357118391.734334
bitfinex,usdt,usd,spot,2022-02,1083590987.8451746
bitfinex,usdt,usd,spot,2022-03,1637729507.7026665
bitfinex,usdt,usd,spot,2022-04,733304385.7115959
bitfinex,usdt,usd,spot,2022-05,2378704222.3593173
bitfinex,usdt,usd,spot,2022-06,2120827245.995544
bitfinex,usdt,usd,spot,2022-07,1067632855.4238039
bitfinex,usdt,usd,spot,2022-08,847733562.6315852
bitfinex,usdt,usd,spot,2022-09,749499088.8868995
bitfinex,usdt,usd,spot,2022-10,464860216.96887493
bitfinex,usdt,usd,spot,2022-11,1197375731.408856
bitfinex,usdt,usd,spot,2022-12,524087347.6145929
bitfinex,usdt,usd,spot,2023-01,578424157.335448
bitfinex,usdt,usd,spot,2023-02,574365283.3797503
bitfinex,usdt,usd,spot,2023-03,953332825.8136243
bitfinex,usdt,usd,spot,2023-04,861720986.6027428
bitfinex,usdt,usd,spot,2023-05,396322847.3867887
bitfinex,usdt,usd,spot,2023-06,510311075.12716377
bitfinex,usdt,usd,spot,2023-07,581222024.9691373
bitfinex,usdt,usd,spot,2023-08,877103595.2731141
bitfinex,usdt,usd,spot,2023-09,709448701.3605336
bitfinex,usdt,usd,spot,2023-10,905811481.0717822
bitfinex,usdt,usd,spot,2023-11,1110628506.8530223
bitfinex,usdt,usd,spot,2023-12,1589957373.0087624
bitfinex,usdt,usd,spot,2024-01,1218835718.751799
bitfinex,usdt,usd,spot,2024-02,1887886280.615524
bitfinex,usdt,usd,spot,2024-03,2968828099.1428714
bitfinex,usdt,usd,spot,2024-04,918342567.7481493
bitstamp,usdt,eur,spot,2021-06,3745494.2850145786
bitstamp,usdt,eur,spot,2021-07,27154995.127512984
bitstamp,usdt,eur,spot,2021-08,62550142.457679585
bitstamp,usdt,eur,spot,2021-09,60989750.53081049
bitstamp,usdt,eur,spot,2021-10,59724271.864533335
bitstamp,usdt,eur,spot,2021-11,96470758.77021557
bitstamp,usdt,eur,spot,2021-12,123691100.59141624
bitstamp,usdt,eur,spot,2022-01,114178383.22827142
bitstamp,usdt,eur,spot,2022-02,81037290.69719706
bitstamp,usdt,eur,spot,2022-03,110375161.65250011
bitstamp,usdt,eur,spot,2022-04,140698367.91284817
bitstamp,usdt,eur,spot,2022-05,170846239.42672828
bitstamp,usdt,eur,spot,2022-06,141146716.69174546
bitstamp,usdt,eur,spot,2022-07,113624142.6836402
bitstamp,usdt,eur,spot,2022-08,104750798.26388629
bitstamp,usdt,eur,spot,2022-09,137856318.02651808
bitstamp,usdt,eur,spot,2022-10,136909314.35261214
bitstamp,usdt,eur,spot,2022-11,166347701.637721
bitstamp,usdt,eur,spot,2022-12,149579117.8060791
bitstamp,usdt,eur,spot,2023-01,189743307.14462066
bitstamp,usdt,eur,spot,2023-02,173564631.1252104
bitstamp,usdt,eur,spot,2023-03,240216800.15010524
bitstamp,usdt,eur,spot,2023-04,224291349.87045002
bitstamp,usdt,eur,spot,2023-05,262360180.0543724
bitstamp,usdt,eur,spot,2023-06,253477636.15258715
bitstamp,usdt,eur,spot,2023-07,292721084.4097006
bitstamp,usdt,eur,spot,2023-08,302159932.4953407
bitstamp,usdt,eur,spot,2023-09,288351970.8039871
bitstamp,usdt,eur,spot,2023-10,226553313.71268234
bitstamp,usdt,eur,spot,2023-11,232833076.46144298
bitstamp,usdt,eur,spot,2023-12,298603664.13098925
bitstamp,usdt,eur,spot,2024-01,332412637.04331636
bitstamp,usdt,eur,spot,2024-02,296475888.31251824
bitstamp,usdt,eur,spot,2024-03,416461071.0464233
bitstamp,usdt,eur,spot,2024-04,240816803.16043386
bitstamp,usdt,usd,spot,2021-06,13407828.489142828
bitstamp,usdt,usd,spot,2021-07,39519015.601758406
bitstamp,usdt,usd,spot,2021-08,58664049.50654186
bitstamp,usdt,usd,spot,2021-09,66122374.99088357
bitstamp,usdt,usd,spot,2021-10,79867830.2664315
bitstamp,usdt,usd,spot,2021-11,51458060.06051762
bitstamp,usdt,usd,spot,2021-12,68723039.80400254
bitstamp,usdt,usd,spot,2022-01,86163236.23413186
bitstamp,usdt,usd,spot,2022-02,31851326.494471345
bitstamp,usdt,usd,spot,2022-03,52836921.56917804
bitstamp,usdt,usd,spot,2022-04,66009922.740786575
bitstamp,usdt,usd,spot,2022-05,72143619.37595056
bitstamp,usdt,usd,spot,2022-06,68675173.72303016
bitstamp,usdt,usd,spot,2022-07,39870205.40206675
bitstamp,usdt,usd,spot,2022-08,29725867.269533005
bitstamp,usdt,usd,spot,2022-09,47523430.222683385
bitstamp,usdt,usd,spot,2022-10,51101212.88363177
bitstamp,usdt,usd,spot,2022-11,127322350.14148754
bitstamp,usdt,usd,spot,2022-12,73960973.78114942
bitstamp,usdt,usd,spot,2023-01,75607765.98295029
bitstamp,usdt,usd,spot,2023-02,66121553.50042016
bitstamp,usdt,usd,spot,2023-03,160029357.7898486
bitstamp,usdt,usd,spot,2023-04,118533714.5104068
bitstamp,usdt,usd,spot,2023-05,124546188.47628726
bitstamp,usdt,usd,spot,2023-06,267890344.70322466
bitstamp,usdt,usd,spot,2023-07,335830953.3648944
bitstamp,usdt,usd,spot,2023-08,243620508.27823493
bitstamp,usdt,usd,spot,2023-09,305165025.1659987
bitstamp,usdt,usd,spot,2023-10,244556574.81395572
bitstamp,usdt,usd,spot,2023-11,302669894.4578576
bitstamp,usdt,usd,spot,2023-12,276768318.723776
bitstamp,usdt,usd,spot,2024-01,645819659.1656933
bitstamp,usdt,usd,spot,2024-02,342264524.41215485
bitstamp,usdt,usd,spot,2024-03,533005824.33735764
bitstamp,usdt,usd,spot,2024-04,259388116.98732337
bittrex,usdt,eur,spot,2020-04,342946.4713463577
bittrex,usdt,eur,spot,2020-05,1109243.366281025
bittrex,usdt,eur,spot,2020-06,990848.7348934653
bittrex,usdt,eur,spot,2020-07,772130.7129862385
bittrex,usdt,eur,spot,2020-08,1264943.7977812341
bittrex,usdt,eur,spot,2020-09,859320.0395529302
bittrex,usdt,eur,spot,2020-10,1160861.8993056118
bittrex,usdt,eur,spot,2020-11,2371979.193017872
bittrex,usdt,eur,spot,2020-12,3318673.6590774474
bittrex,usdt,eur,spot,2021-01,7715239.654585752
bittrex,usdt,eur,spot,2021-02,10560737.22247418
bittrex,usdt,eur,spot,2021-03,8545858.208708415
bittrex,usdt,eur,spot,2021-04,10237368.539007394
bittrex,usdt,eur,spot,2021-05,14848562.940286426
bittrex,usdt,eur,spot,2021-06,5054829.1095877355
bittrex,usdt,eur,spot,2021-07,6700725.586929733
bittrex,usdt,eur,spot,2021-08,22888120.07729905
bittrex,usdt,eur,spot,2021-09,19455362.99551365
bittrex,usdt,eur,spot,2021-10,24540324.534412786
bittrex,usdt,eur,spot,2021-11,146481146.16671786
bittrex,usdt,eur,spot,2021-12,38397300.610006526
bittrex,usdt,eur,spot,2022-01,32648442.260944255
bittrex,usdt,eur,spot,2022-02,24704153.050974343
bittrex,usdt,eur,spot,2022-03,22149694.585572246
bittrex,usdt,eur,spot,2022-04,60731839.409131184
bittrex,usdt,eur,spot,2022-05,65525617.39540637
bittrex,usdt,eur,spot,2022-06,10414325.172559507
bittrex,usdt,eur,spot,2022-07,6419290.777329924
bittrex,usdt,eur,spot,2022-08,4796756.009938747
bittrex,usdt,eur,spot,2022-09,7285474.9756449135
bittrex,usdt,eur,spot,2022-10,8161419.980493229
bittrex,usdt,eur,spot,2022-11,8201417.347860337
bittrex,usdt,eur,spot,2022-12,2371025.9447655077
bittrex,usdt,eur,spot,2023-01,2813307.2056870433
bittrex,usdt,eur,spot,2023-02,3078449.446185778
bittrex,usdt,eur,spot,2023-03,2774967.760090697
bittrex,usdt,eur,spot,2023-04,1836233.0565341662
bittrex,usdt,eur,spot,2023-05,1205607.2923254594
bittrex,usdt,eur,spot,2023-06,1463679.3626540806
bittrex,usdt,eur,spot,2023-07,1896547.1292880855
bittrex,usdt,eur,spot,2023-08,1396263.9893901618
bittrex,usdt,eur,spot,2023-09,1235119.511146229
bittrex,usdt,eur,spot,2023-10,1304216.1024716017
bittrex,usdt,eur,spot,2023-11,3036402.4387494195
bittrex,usdt,eur,spot,2023-12,554592.4562184694
bittrex,usdt,usd,spot,2019-05,7422305.296835218
bittrex,usdt,usd,spot,2019-06,8930378.338134674
bittrex,usdt,usd,spot,2019-07,6889529.6457144115
bittrex,usdt,usd,spot,2019-08,10843809.682988303
bittrex,usdt,usd,spot,2019-09,10032398.663533797
bittrex,usdt,usd,spot,2019-10,6136190.649961134
bittrex,usdt,usd,spot,2019-11,4781799.621281902
bittrex,usdt,usd,spot,2019-12,3741356.3654821236
bittrex,usdt,usd,spot,2020-01,8294449.959099459
bittrex,usdt,usd,spot,2020-02,13419159.022504516
bittrex,usdt,usd,spot,2020-03,27358869.805470634
bittrex,usdt,usd,spot,2020-04,15643672.842462877
bittrex,usdt,usd,spot,2020-05,16083033.18238736
bittrex,usdt,usd,spot,2020-06,12681190.888027748
bittrex,usdt,usd,spot,2020-07,14603472.913065657
bittrex,usdt,usd,spot,2020-08,20851583.86072324
bittrex,usdt,usd,spot,2020-09,18523602.72106891
bittrex,usdt,usd,spot,2020-10,15206290.374659013
bittrex,usdt,usd,spot,2020-11,30791187.334513135
bittrex,usdt,usd,spot,2020-12,52780072.85558742
bittrex,usdt,usd,spot,2021-01,147501523.73564672
bittrex,usdt,usd,spot,2021-02,239326775.82297808
bittrex,usdt,usd,spot,2021-03,164563699.75160474
bittrex,usdt,usd,spot,2021-04,284488355.9387334
bittrex,usdt,usd,spot,2021-05,482060004.77696353
bittrex,usdt,usd,spot,2021-06,219547049.93264237
bittrex,usdt,usd,spot,2021-07,130260338.6591108
bittrex,usdt,usd,spot,2021-08,135612149.53907952
bittrex,usdt,usd,spot,2021-09,110784871.19192906
bittrex,usdt,usd,spot,2021-10,60835289.62798339
bittrex,usdt,usd,spot,2021-11,67329022.36025532
bittrex,usdt,usd,spot,2021-12,50319975.09116387
bittrex,usdt,usd,spot,2022-01,41891324.91479321
bittrex,usdt,usd,spot,2022-02,33388196.85595805
bittrex,usdt,usd,spot,2022-03,36228987.18395945
bittrex,usdt,usd,spot,2022-04,149002943.81779313
bittrex,usdt,usd,spot,2022-05,131769587.37785982
bittrex,usdt,usd,spot,2022-06,51254661.40799427
bittrex,usdt,usd,spot,2022-07,35923979.22804365
bittrex,usdt,usd,spot,2022-08,43969676.56471286
bittrex,usdt,usd,spot,2022-09,23152773.880221993
bittrex,usdt,usd,spot,2022-10,10615667.453858148
bittrex,usdt,usd,spot,2022-11,24124662.23454576
bittrex,usdt,usd,spot,2022-12,18174958.806752
bittrex,usdt,usd,spot,2023-01,21806630.063724414
bittrex,usdt,usd,spot,2023-02,23022244.909237545
bittrex,usdt,usd,spot,2023-03,32648239.8570434
bittrex,usdt,usd,spot,2023-04,24346156.776011024
bittrex,usdt,usd,spot,2023-05,7561343.11670127
bittrex,usdt,usd,spot,2023-06,2896170.7372195115
bittrex,usdt,usd,spot,2023-07,2108113.2829607963
bittrex,usdt,usd,spot,2023-08,3162740.253071445
bittrex,usdt,usd,spot,2023-09,1254886.462093136
bittrex,usdt,usd,spot,2023-10,2015024.1304926677
bittrex,usdt,usd,spot,2023-11,6390430.728979421
bittrex,usdt,usd,spot,2023-12,1244855.152249496
bybit,usdt,eur,spot,2022-12,12241116.55406179
bybit,usdt,eur,spot,2023-01,13491852.701565338
bybit,usdt,eur,spot,2023-02,7510088.15462263
bybit,usdt,eur,spot,2023-03,14784833.030259239
bybit,usdt,eur,spot,2023-04,44688344.5054766
bybit,usdt,eur,spot,2023-05,40002850.346597224
bybit,usdt,eur,spot,2023-06,29309592.523918327
bybit,usdt,eur,spot,2023-07,42181536.05860939
bybit,usdt,eur,spot,2023-08,26247260.90090343
bybit,usdt,eur,spot,2023-09,27387606.659883976
bybit,usdt,eur,spot,2023-10,43772252.01820023
bybit,usdt,eur,spot,2023-11,49197666.13438555
bybit,usdt,eur,spot,2023-12,49292077.37849356
bybit,usdt,eur,spot,2024-01,53787706.626668304
bybit,usdt,eur,spot,2024-02,44489408.75179023
bybit,usdt,eur,spot,2024-03,92908463.94056131
bybit,usdt,eur,spot,2024-04,42910609.73513563
cex.io,usdt,eur,spot,2020-06,195731.6442390774
cex.io,usdt,eur,spot,2020-07,5201686.3205929445
cex.io,usdt,eur,spot,2020-08,6531860.649329466
cex.io,usdt,eur,spot,2020-09,1542520.4765769397
cex.io,usdt,eur,spot,2020-10,1446194.005722688
cex.io,usdt,eur,spot,2020-11,1565282.7419286382
cex.io,usdt,eur,spot,2020-12,1820544.9101116883
cex.io,usdt,eur,spot,2021-01,4985005.717583036
cex.io,usdt,eur,spot,2021-02,6180333.732953849
cex.io,usdt,eur,spot,2021-03,5172773.105950635
cex.io,usdt,eur,spot,2021-04,7981185.597234204
cex.io,usdt,eur,spot,2021-05,9699484.695327492
cex.io,usdt,eur,spot,2021-06,3341741.8867648244
cex.io,usdt,eur,spot,2021-07,4918540.770147566
cex.io,usdt,eur,spot,2021-08,5855994.3649049755
cex.io,usdt,eur,spot,2021-09,7194361.649900728
cex.io,usdt,eur,spot,2021-10,5641729.267028102
cex.io,usdt,eur,spot,2021-11,4570292.619197164
cex.io,usdt,eur,spot,2021-12,7656689.740864174
cex.io,usdt,eur,spot,2022-01,6542270.3120627785
cex.io,usdt,eur,spot,2022-02,6914644.029743051
cex.io,usdt,eur,spot,2022-03,6823062.666866772
cex.io,usdt,eur,spot,2022-04,5501538.320466013
cex.io,usdt,eur,spot,2022-05,9143901.675359145
cex.io,usdt,eur,spot,2022-06,6440385.85670572
cex.io,usdt,eur,spot,2022-07,5641516.001197557
cex.io,usdt,eur,spot,2022-08,4796107.774890709
cex.io,usdt,eur,spot,2022-09,7296881.309098099
cex.io,usdt,eur,spot,2022-10,4935999.95590391
cex.io,usdt,eur,spot,2022-11,9916465.25731258
cex.io,usdt,eur,spot,2022-12,5367788.370931559
cex.io,usdt,eur,spot,2023-01,4030499.212973702
cex.io,usdt,eur,spot,2023-02,4426129.9404010335
cex.io,usdt,eur,spot,2023-03,7428361.968363761
cex.io,usdt,eur,spot,2023-04,5972674.267792069
cex.io,usdt,eur,spot,2023-05,2221706.8581383694
cex.io,usdt,eur,spot,2023-06,890038.4316288175
cex.io,usdt,eur,spot,2023-07,1960392.8450807082
cex.io,usdt,eur,spot,2023-08,1181726.7957796094
cex.io,usdt,eur,spot,2023-09,693872.8316221364
cex.io,usdt,eur,spot,2023-10,866447.0122959067
cex.io,usdt,eur,spot,2023-11,801082.309694408
cex.io,usdt,eur,spot,2023-12,834792.062562505
cex.io,usdt,eur,spot,2024-01,1179663.2087956313
cex.io,usdt,eur,spot,2024-02,657393.7838710509
cex.io,usdt,eur,spot,2024-03,687483.3522067693
cex.io,usdt,eur,spot,2024-04,754122.6027328767
cex.io,usdt,gbp,spot,2020-06,12589.418106402516
cex.io,usdt,gbp,spot,2020-07,420016.03312795033
cex.io,usdt,gbp,spot,2020-08,380230.05334830016
cex.io,usdt,gbp,spot,2020-09,411362.34165113047
cex.io,usdt,gbp,spot,2020-10,202947.12353929604
cex.io,usdt,gbp,spot,2020-11,394803.8119733899
cex.io,usdt,gbp,spot,2020-12,588454.8182229904
cex.io,usdt,gbp,spot,2021-01,1373513.0270419186
cex.io,usdt,gbp,spot,2021-02,2210056.7516292245
cex.io,usdt,gbp,spot,2021-03,1825723.0654502516
cex.io,usdt,gbp,spot,2021-04,7801523.247728255
cex.io,usdt,gbp,spot,2021-05,10218766.986270236
cex.io,usdt,gbp,spot,2021-06,6366501.100842346
cex.io,usdt,gbp,spot,2021-07,3160696.417756236
cex.io,usdt,gbp,spot,2021-08,4368772.870492157
cex.io,usdt,gbp,spot,2021-09,4868853.813969531
cex.io,usdt,gbp,spot,2021-10,4615164.540792288
cex.io,usdt,gbp,spot,2021-11,3363404.159415478
cex.io,usdt,gbp,spot,2021-12,2990221.2635663403
cex.io,usdt,gbp,spot,2022-01,1772630.7189015034
cex.io,usdt,gbp,spot,2022-02,1566199.249626153
cex.io,usdt,gbp,spot,2022-03,2111921.7452626056
cex.io,usdt,gbp,spot,2022-04,6807624.538274841
cex.io,usdt,gbp,spot,2022-05,3882387.617782691
cex.io,usdt,gbp,spot,2022-06,2545509.185093996
cex.io,usdt,gbp,spot,2022-07,2084370.3273080825
cex.io,usdt,gbp,spot,2022-08,2158495.2454060786
cex.io,usdt,gbp,spot,2022-09,4530250.673454045
cex.io,usdt,gbp,spot,2022-10,2603954.8871795037
cex.io,usdt,gbp,spot,2022-11,3351825.971446422
cex.io,usdt,gbp,spot,2022-12,1933667.6318834093
cex.io,usdt,gbp,spot,2023-01,1491768.0712305815
cex.io,usdt,gbp,spot,2023-02,1379829.5140816763
cex.io,usdt,gbp,spot,2023-03,1657912.1043126208
cex.io,usdt,gbp,spot,2023-04,1005962.7100753129
cex.io,usdt,gbp,spot,2023-05,733773.0907032671
cex.io,usdt,gbp,spot,2023-06,493584.9211354087
cex.io,usdt,gbp,spot,2023-07,653092.9087984245
cex.io,usdt,gbp,spot,2023-08,835146.357356898
cex.io,usdt,gbp,spot,2023-09,484413.91336713795
cex.io,usdt,gbp,spot,2023-10,651985.9940740477
cex.io,usdt,gbp,spot,2023-11,595017.6780780638
cex.io,usdt,gbp,spot,2023-12,470701.87727501226
cex.io,usdt,gbp,spot,2024-01,574510.489881067
cex.io,usdt,gbp,spot,2024-02,378899.99850248947
cex.io,usdt,gbp,spot,2024-03,356018.5481414331
cex.io,usdt,gbp,spot,2024-04,680035.1386476832
cex.io,usdt,rub,spot,2020-08,867378.9400242292
cex.io,usdt,rub,spot,2020-09,506334.56978818367
cex.io,usdt,rub,spot,2020-10,248661.49844103862
cex.io,usdt,rub,spot,2020-11,335795.51609433733
cex.io,usdt,rub,spot,2020-12,395816.15982199466
cex.io,usdt,rub,spot,2021-01,614896.8305212513
cex.io,usdt,rub,spot,2021-02,310546.8395328228
cex.io,usdt,rub,spot,2021-03,244276.26626652357
cex.io,usdt,rub,spot,2021-04,353704.56911618536
cex.io,usdt,rub,spot,2021-05,11747535.033596259
cex.io,usdt,rub,spot,2021-06,7842145.323252866
cex.io,usdt,rub,spot,2021-07,5184516.6671918295
cex.io,usdt,rub,spot,2021-08,4863785.972623335
cex.io,usdt,rub,spot,2021-09,5524652.095980039
cex.io,usdt,rub,spot,2021-10,7369995.861115481
cex.io,usdt,rub,spot,2021-11,8401141.603404827
cex.io,usdt,rub,spot,2021-12,4902994.428465443
cex.io,usdt,rub,spot,2022-01,6067113.898547014
cex.io,usdt,rub,spot,2022-02,5660421.6610009745
cex.io,usdt,rub,spot,2022-03,0.0
cex.io,usdt,usd,spot,2020-06,1132809.136192048
cex.io,usdt,usd,spot,2020-07,10261726.998825846
cex.io,usdt,usd,spot,2020-08,22601300.492452074
cex.io,usdt,usd,spot,2020-09,30696881.78152378
cex.io,usdt,usd,spot,2020-10,11357766.64531111
cex.io,usdt,usd,spot,2020-11,6692778.038801307
cex.io,usdt,usd,spot,2020-12,9604277.820930313
cex.io,usdt,usd,spot,2021-01,20770353.397706907
cex.io,usdt,usd,spot,2021-02,33400135.878570832
cex.io,usdt,usd,spot,2021-03,21521805.50805053
cex.io,usdt,usd,spot,2021-04,43545063.749797456
cex.io,usdt,usd,spot,2021-05,68912078.36794165
cex.io,usdt,usd,spot,2021-06,23981551.46963822
cex.io,usdt,usd,spot,2021-07,14507522.849239523
cex.io,usdt,usd,spot,2021-08,19998621.948381998
cex.io,usdt,usd,spot,2021-09,19506744.48327101
cex.io,usdt,usd,spot,2021-10,24162474.446416166
cex.io,usdt,usd,spot,2021-11,22582881.289776772
cex.io,usdt,usd,spot,2021-12,21214553.502648845
cex.io,usdt,usd,spot,2022-01,14143581.078401921
cex.io,usdt,usd,spot,2022-02,11683439.330728618
cex.io,usdt,usd,spot,2022-03,21028256.38670128
cex.io,usdt,usd,spot,2022-04,28524683.193653878
cex.io,usdt,usd,spot,2022-05,23231141.67815013
cex.io,usdt,usd,spot,2022-06,15919341.370719275
cex.io,usdt,usd,spot,2022-07,11737907.619800707
cex.io,usdt,usd,spot,2022-08,6894782.758630797
cex.io,usdt,usd,spot,2022-09,10937507.712232789
cex.io,usdt,usd,spot,2022-10,5572605.931780491
cex.io,usdt,usd,spot,2022-11,8428755.238990575
cex.io,usdt,usd,spot,2022-12,5419358.658753876
cex.io,usdt,usd,spot,2023-01,6701431.821003589
cex.io,usdt,usd,spot,2023-02,9427467.777408663
cex.io,usdt,usd,spot,2023-03,13941684.568594921
cex.io,usdt,usd,spot,2023-04,3710776.019560766
cex.io,usdt,usd,spot,2023-05,2076659.8432255434
cex.io,usdt,usd,spot,2023-06,2569727.222022049
cex.io,usdt,usd,spot,2023-07,1179432.1002937967
cex.io,usdt,usd,spot,2023-08,1000417.3029529437
cex.io,usdt,usd,spot,2023-09,434649.0917419183
cex.io,usdt,usd,spot,2023-10,711202.1739630091
cex.io,usdt,usd,spot,2023-11,480826.9829922419
cex.io,usdt,usd,spot,2023-12,534557.8239543899
cex.io,usdt,usd,spot,2024-01,591803.1420486491
cex.io,usdt,usd,spot,2024-02,460376.3106629977
cex.io,usdt,usd,spot,2024-03,1257773.9572268084
cex.io,usdt,usd,spot,2024-04,487803.4365925722
coinbase,usdt,eur,spot,2021-05,204703835.24435043
coinbase,usdt,eur,spot,2021-06,184584700.91160724
coinbase,usdt,eur,spot,2021-07,136333463.1575259
coinbase,usdt,eur,spot,2021-08,237353566.13320893
coinbase,usdt,eur,spot,2021-09,274454356.3084142
coinbase,usdt,eur,spot,2021-10,405877880.9394022
coinbase,usdt,eur,spot,2021-11,473216804.20660335
coinbase,usdt,eur,spot,2021-12,484905395.9035817
coinbase,usdt,eur,spot,2022-01,515289583.42540264
coinbase,usdt,eur,spot,2022-02,377757954.54177415
coinbase,usdt,eur,spot,2022-03,325116132.5868451
coinbase,usdt,eur,spot,2022-04,164597524.47604027
coinbase,usdt,eur,spot,2022-05,183609179.3558963
coinbase,usdt,eur,spot,2022-06,133177487.11470276
coinbase,usdt,eur,spot,2022-07,141378494.84502548
coinbase,usdt,eur,spot,2022-08,165569258.2636508
coinbase,usdt,eur,spot,2022-09,219076511.36213052
coinbase,usdt,eur,spot,2022-10,142058632.48154858
coinbase,usdt,eur,spot,2022-11,175877887.79476392
coinbase,usdt,eur,spot,2022-12,120506475.38945404
coinbase,usdt,eur,spot,2023-01,139273392.89777458
coinbase,usdt,eur,spot,2023-02,133623465.77464409
coinbase,usdt,eur,spot,2023-03,218763710.0440495
coinbase,usdt,eur,spot,2023-04,181200220.53637803
coinbase,usdt,eur,spot,2023-05,185257285.5366202
coinbase,usdt,eur,spot,2023-06,165738514.08401832
coinbase,usdt,eur,spot,2023-07,177770020.02843723
coinbase,usdt,eur,spot,2023-08,209103400.60223788
coinbase,usdt,eur,spot,2023-09,201964482.7659158
coinbase,usdt,eur,spot,2023-10,291969009.5547762
coinbase,usdt,eur,spot,2023-11,404437866.5989016
coinbase,usdt,eur,spot,2023-12,502980167.17676485
coinbase,usdt,eur,spot,2024-01,471350009.6426484
coinbase,usdt,eur,spot,2024-02,390290532.7063678
coinbase,usdt,eur,spot,2024-03,610314200.184078
coinbase,usdt,eur,spot,2024-04,327718043.84199375
coinbase,usdt,gbp,spot,2021-05,121401748.92987588
coinbase,usdt,gbp,spot,2021-06,60439666.98935949
coinbase,usdt,gbp,spot,2021-07,78079890.7108033
coinbase,usdt,gbp,spot,2021-08,113797951.24502231
coinbase,usdt,gbp,spot,2021-09,135154971.1738002
coinbase,usdt,gbp,spot,2021-10,173342545.80674025
coinbase,usdt,gbp,spot,2021-11,205330125.5768931
coinbase,usdt,gbp,spot,2021-12,196817354.63357252
coinbase,usdt,gbp,spot,2022-01,193735313.42459658
coinbase,usdt,gbp,spot,2022-02,123673734.6118228
coinbase,usdt,gbp,spot,2022-03,126371842.56596084
coinbase,usdt,gbp,spot,2022-04,79492919.16789332
coinbase,usdt,gbp,spot,2022-05,99989192.40400584
coinbase,usdt,gbp,spot,2022-06,78787615.996555
coinbase,usdt,gbp,spot,2022-07,77184352.37481093
coinbase,usdt,gbp,spot,2022-08,101076387.97533783
coinbase,usdt,gbp,spot,2022-09,231044372.729126
coinbase,usdt,gbp,spot,2022-10,224953684.8947529
coinbase,usdt,gbp,spot,2022-11,110562220.33999017
coinbase,usdt,gbp,spot,2022-12,83856375.70333089
coinbase,usdt,gbp,spot,2023-01,87970760.45181397
coinbase,usdt,gbp,spot,2023-02,74268688.43688981
coinbase,usdt,gbp,spot,2023-03,91515251.65228973
coinbase,usdt,gbp,spot,2023-04,86052092.10541315
coinbase,usdt,gbp,spot,2023-05,72620664.74540606
coinbase,usdt,gbp,spot,2023-06,74538161.20752537
coinbase,usdt,gbp,spot,2023-07,86678165.93970686
coinbase,usdt,gbp,spot,2023-08,86807232.00923802
coinbase,usdt,gbp,spot,2023-09,103480691.05593827
coinbase,usdt,gbp,spot,2023-10,85370269.48829116
coinbase,usdt,gbp,spot,2023-11,73956166.65610214
coinbase,usdt,gbp,spot,2023-12,91477767.09542516
coinbase,usdt,gbp,spot,2024-01,69424121.9064304
coinbase,usdt,gbp,spot,2024-02,106546426.65127274
coinbase,usdt,gbp,spot,2024-03,186399351.6309838
coinbase,usdt,gbp,spot,2024-04,93516775.66048358
coinbase,usdt,usd,spot,2021-05,1607925428.513155
coinbase,usdt,usd,spot,2021-06,868214203.269323
coinbase,usdt,usd,spot,2021-07,495310442.983635
coinbase,usdt,usd,spot,2021-08,831141267.188766
coinbase,usdt,usd,spot,2021-09,1082180789.581975
coinbase,usdt,usd,spot,2021-10,1988988473.8974311
coinbase,usdt,usd,spot,2021-11,2693000103.087002
coinbase,usdt,usd,spot,2021-12,2068504947.646224
coinbase,usdt,usd,spot,2022-01,1774824630.484564
coinbase,usdt,usd,spot,2022-02,1255788136.49499
coinbase,usdt,usd,spot,2022-03,1601101480.0947459
coinbase,usdt,usd,spot,2022-04,1583461538.925986
coinbase,usdt,usd,spot,2022-05,1884315497.3455627
coinbase,usdt,usd,spot,2022-06,1387857527.5600815
coinbase,usdt,usd,spot,2022-07,964409107.946978
coinbase,usdt,usd,spot,2022-08,1067423753.4577131
coinbase,usdt,usd,spot,2022-09,1030574118.0787414
coinbase,usdt,usd,spot,2022-10,1749772101.1541946
coinbase,usdt,usd,spot,2022-11,2329777806.688656
coinbase,usdt,usd,spot,2022-12,1655263510.8434753
coinbase,usdt,usd,spot,2023-01,2787385131.739558
coinbase,usdt,usd,spot,2023-02,3037538572.8175955
coinbase,usdt,usd,spot,2023-03,4242090596.407361
coinbase,usdt,usd,spot,2023-04,2505666896.211819
coinbase,usdt,usd,spot,2023-05,2483543134.0564713
coinbase,usdt,usd,spot,2023-06,3077001376.129018
coinbase,usdt,usd,spot,2023-07,3012450359.5311246
coinbase,usdt,usd,spot,2023-08,4528783881.948336
coinbase,usdt,usd,spot,2023-09,2805111001.047635
coinbase,usdt,usd,spot,2023-10,3766425091.3108425
coinbase,usdt,usd,spot,2023-11,7334737882.059019
coinbase,usdt,usd,spot,2023-12,7099967487.10573
coinbase,usdt,usd,spot,2024-01,9679213130.832827
coinbase,usdt,usd,spot,2024-02,8829194341.41534
coinbase,usdt,usd,spot,2024-03,12628587444.68059
coinbase,usdt,usd,spot,2024-04,5546131433.175028
crypto.com,usdt,usd,spot,2022-11,234910065.21632
crypto.com,usdt,usd,spot,2022-12,199617144.329113
crypto.com,usdt,usd,spot,2023-01,192187220.988426
crypto.com,usdt,usd,spot,2023-02,326929519.064247
crypto.com,usdt,usd,spot,2023-03,825351625.277465
crypto.com,usdt,usd,spot,2023-04,145114599.310673
crypto.com,usdt,usd,spot,2023-05,70490659.808542
crypto.com,usdt,usd,spot,2023-06,89550246.72466101
crypto.com,usdt,usd,spot,2023-07,115132079.466472
crypto.com,usdt,usd,spot,2023-08,122310382.100239
crypto.com,usdt,usd,spot,2023-09,88265947.707389
crypto.com,usdt,usd,spot,2023-10,103965608.771034
crypto.com,usdt,usd,spot,2023-11,160940939.595188
crypto.com,usdt,usd,spot,2023-12,182328080.971373
crypto.com,usdt,usd,spot,2024-01,173817611.441209
crypto.com,usdt,usd,spot,2024-02,122747174.686385
crypto.com,usdt,usd,spot,2024-03,266819401.188669
crypto.com,usdt,usd,spot,2024-04,74090005.858159
ftx,usdt,try,spot,2022-10,152725030.30663708
ftx,usdt,try,spot,2022-11,98461524.35922097
ftx,usdt,usd,spot,2019-09,2888819.990782
ftx,usdt,usd,spot,2019-10,16744163.859134
ftx,usdt,usd,spot,2019-11,19688520.126225
ftx,usdt,usd,spot,2019-12,24588878.937088
ftx,usdt,usd,spot,2020-01,34671327.254167
ftx,usdt,usd,spot,2020-02,25927703.477904
ftx,usdt,usd,spot,2020-03,59146610.190079994
ftx,usdt,usd,spot,2020-04,40228807.125025004
ftx,usdt,usd,spot,2020-05,24386102.342263002
ftx,usdt,usd,spot,2020-06,25470936.188149
ftx,usdt,usd,spot,2020-07,53690296.879176
ftx,usdt,usd,spot,2020-08,121482380.267305
ftx,usdt,usd,spot,2020-09,373981280.240975
ftx,usdt,usd,spot,2020-10,157107496.296627
ftx,usdt,usd,spot,2020-11,227643974.15670002
ftx,usdt,usd,spot,2020-12,291333589.456556
ftx,usdt,usd,spot,2021-01,959925013.16241
ftx,usdt,usd,spot,2021-02,1124279844.741196
ftx,usdt,usd,spot,2021-03,1247218521.091652
ftx,usdt,usd,spot,2021-04,3416247058.554345
ftx,usdt,usd,spot,2021-05,5088780479.597208
ftx,usdt,usd,spot,2021-06,1948636048.2413151
ftx,usdt,usd,spot,2021-07,1284347540.734018
ftx,usdt,usd,spot,2021-08,1973303560.170014
ftx,usdt,usd,spot,2021-09,2873534048.772496
ftx,usdt,usd,spot,2021-10,3136530911.888105
ftx,usdt,usd,spot,2021-11,3876489415.6253
ftx,usdt,usd,spot,2021-12,4024682849.479573
ftx,usdt,usd,spot,2022-01,2684136826.328071
ftx,usdt,usd,spot,2022-02,1671268166.976066
ftx,usdt,usd,spot,2022-03,2221233207.306664
ftx,usdt,usd,spot,2022-04,1779589007.634173
ftx,usdt,usd,spot,2022-05,7651670089.767173
ftx,usdt,usd,spot,2022-06,3725913286.623494
ftx,usdt,usd,spot,2022-07,1664581352.311465
ftx,usdt,usd,spot,2022-08,1378864897.697615
ftx,usdt,usd,spot,2022-09,1531345969.4499629
ftx,usdt,usd,spot,2022-10,1306411073.637775
ftx,usdt,usd,spot,2022-11,2095077971.000346
ftx.us,usdt,usd,spot,2020-05,6931.8987910000005
ftx.us,usdt,usd,spot,2020-06,150127.467321
ftx.us,usdt,usd,spot,2020-07,69677.514535
ftx.us,usdt,usd,spot,2020-08,18539.225692
ftx.us,usdt,usd,spot,2020-09,85763.810747
ftx.us,usdt,usd,spot,2020-10,28236.992728
ftx.us,usdt,usd,spot,2020-11,68225.394082
ftx.us,usdt,usd,spot,2020-12,309380.533863
ftx.us,usdt,usd,spot,2021-01,3068183.835898
ftx.us,usdt,usd,spot,2021-02,11738862.364649
ftx.us,usdt,usd,spot,2021-03,28000454.047941
ftx.us,usdt,usd,spot,2021-04,30268218.113055
ftx.us,usdt,usd,spot,2021-05,75645631.33254
ftx.us,usdt,usd,spot,2021-06,9902903.73086
ftx.us,usdt,usd,spot,2021-07,6581416.371017
ftx.us,usdt,usd,spot,2021-08,15551718.152032001
ftx.us,usdt,usd,spot,2021-09,28036653.560279
ftx.us,usdt,usd,spot,2021-10,24570463.520756
ftx.us,usdt,usd,spot,2021-11,39436854.297261
ftx.us,usdt,usd,spot,2021-12,42372150.662236996
ftx.us,usdt,usd,spot,2022-01,25990183.89621
ftx.us,usdt,usd,spot,2022-02,24270365.911503
ftx.us,usdt,usd,spot,2022-03,39271706.412627004
ftx.us,usdt,usd,spot,2022-04,36565551.72957
ftx.us,usdt,usd,spot,2022-05,294182902.688225
ftx.us,usdt,usd,spot,2022-06,62193701.536543
ftx.us,usdt,usd,spot,2022-07,77684317.17085
ftx.us,usdt,usd,spot,2022-08,51307705.754946
ftx.us,usdt,usd,spot,2022-09,49230734.094961
ftx.us,usdt,usd,spot,2022-10,33614066.04765
ftx.us,usdt,usd,spot,2022-11,49109166.381504
gate.io,usdt,try,spot,2022-07,3.3558919
gate.io,usdt,try,spot,2022-08,166370.4549405125
gate.io,usdt,try,spot,2022-09,392047.7099456922
gate.io,usdt,try,spot,2022-10,430136.2121873566
gate.io,usdt,try,spot,2022-11,1942319.6490006666
gate.io,usdt,try,spot,2022-12,531318.0200020056
gate.io,usdt,try,spot,2023-01,704606.3065490428
gate.io,usdt,try,spot,2023-02,1630059.3255354771
gate.io,usdt,try,spot,2023-03,5560490.47650538
gate.io,usdt,try,spot,2023-04,38911846.127100706
gate.io,usdt,try,spot,2023-05,82341160.70356192
gate.io,usdt,try,spot,2023-06,118438341.11844325
gate.io,usdt,try,spot,2023-07,41376828.57738909
gate.io,usdt,try,spot,2023-08,14303648.311992072
gate.io,usdt,try,spot,2023-09,9208704.476824068
gate.io,usdt,try,spot,2023-10,8442929.78606012
gate.io,usdt,try,spot,2023-11,8314607.297765034
gate.io,usdt,try,spot,2023-12,16966769.174252257
gate.io,usdt,try,spot,2024-01,15676293.072437491
gate.io,usdt,try,spot,2024-02,9898180.161854515
gate.io,usdt,try,spot,2024-03,17023619.01801061
gate.io,usdt,try,spot,2024-04,18139774.165978156
gate.io,usdt,usd,spot,2021-08,65248753.15408977
gate.io,usdt,usd,spot,2021-09,204025512.12627298
gate.io,usdt,usd,spot,2021-10,307124960.5421617
gate.io,usdt,usd,spot,2021-11,317179974.4571688
gate.io,usdt,usd,spot,2021-12,203749246.93373504
gate.io,usdt,usd,spot,2022-01,129406530.51877606
gate.io,usdt,usd,spot,2022-02,75012014.71904211
gate.io,usdt,usd,spot,2022-03,74981585.34428668
gate.io,usdt,usd,spot,2022-04,67898139.16194344
gate.io,usdt,usd,spot,2022-05,133546747.62413469
gate.io,usdt,usd,spot,2022-06,78483949.4224564
gate.io,usdt,usd,spot,2022-07,79274950.25374295
gate.io,usdt,usd,spot,2022-08,54520109.845986985
gate.io,usdt,usd,spot,2022-09,290101060.4478304
gate.io,usdt,usd,spot,2022-10,292724895.5037995
gate.io,usdt,usd,spot,2022-11,206440028.4032195
gate.io,usdt,usd,spot,2022-12,65071618.454191014
gate.io,usdt,usd,spot,2023-01,83049406.0442898
gate.io,usdt,usd,spot,2023-02,76587014.53287879
gate.io,usdt,usd,spot,2023-03,67651085.11708018
gate.io,usdt,usd,spot,2023-04,29618363.86787295
gate.io,usdt,usd,spot,2023-05,45374935.371591456
gate.io,usdt,usd,spot,2023-06,33080956.08930344
gate.io,usdt,usd,spot,2023-07,2497672.736343599
gemini,usdt,usd,spot,2023-01,7291659.306841314
gemini,usdt,usd,spot,2023-02,13259537.419303412
gemini,usdt,usd,spot,2023-03,36506862.24895295
gemini,usdt,usd,spot,2023-04,51219955.20131051
gemini,usdt,usd,spot,2023-05,64565550.67668906
gemini,usdt,usd,spot,2023-06,68116915.40254365
gemini,usdt,usd,spot,2023-07,44161308.14889019
gemini,usdt,usd,spot,2023-08,39921161.09470314
gemini,usdt,usd,spot,2023-09,45211478.068413
gemini,usdt,usd,spot,2023-10,50985849.8020551
gemini,usdt,usd,spot,2023-11,50994673.21900126
gemini,usdt,usd,spot,2023-12,69221764.91795598
gemini,usdt,usd,spot,2024-01,60339502.797404476
gemini,usdt,usd,spot,2024-02,41522863.75394035
gemini,usdt,usd,spot,2024-03,96837318.74751385
gemini,usdt,usd,spot,2024-04,59903618.02324199
huobi,usdt,brl,spot,2022-05,421459.19292471855
huobi,usdt,brl,spot,2022-06,1804289.7047949831
huobi,usdt,brl,spot,2022-07,821162.0629384845
huobi,usdt,brl,spot,2022-08,687344.0494717794
huobi,usdt,brl,spot,2022-09,1196760.4678810188
huobi,usdt,brl,spot,2022-10,480336.05835221166
huobi,usdt,brl,spot,2022-11,526633.2967446996
huobi,usdt,brl,spot,2022-12,477311.12983299734
huobi,usdt,brl,spot,2023-01,441224.8196655167
huobi,usdt,brl,spot,2023-02,445347.64596675325
huobi,usdt,brl,spot,2023-03,384357.637145707
huobi,usdt,brl,spot,2023-04,569017.9933594064
huobi,usdt,brl,spot,2023-05,439792.3120134895
huobi,usdt,brl,spot,2023-06,342113.36911247886
huobi,usdt,brl,spot,2023-07,293540.2785593559
huobi,usdt,brl,spot,2023-08,361296.3594184302
huobi,usdt,brl,spot,2023-09,307510.454012872
huobi,usdt,brl,spot,2023-10,381440.48040121887
huobi,usdt,brl,spot,2023-11,309090.22230300965
huobi,usdt,brl,spot,2023-12,236979.1945024413
huobi,usdt,brl,spot,2024-01,237226.24501229083
huobi,usdt,brl,spot,2024-02,244069.29304739358
huobi,usdt,brl,spot,2024-03,362214.4675976987
huobi,usdt,brl,spot,2024-04,57665.316174280204
huobi,usdt,rub,spot,2022-05,243046.84074441748
huobi,usdt,rub,spot,2022-06,362369.7074947485
huobi,usdt,rub,spot,2022-07,249852.3708006694
huobi,usdt,rub,spot,2022-08,116965.15437354124
huobi,usdt,rub,spot,2022-09,92043.6071698686
huobi,usdt,rub,spot,2022-10,94671.91111722113
huobi,usdt,rub,spot,2022-11,115097.72243323301
huobi,usdt,rub,spot,2022-12,110845.83384408781
huobi,usdt,rub,spot,2023-01,106948.66037304001
huobi,usdt,rub,spot,2023-02,64726.33768300775
huobi,usdt,rub,spot,2023-03,66956.07417197434
huobi,usdt,rub,spot,2023-04,171595.69450395534
huobi,usdt,rub,spot,2023-05,135877.91597471244
huobi,usdt,rub,spot,2023-06,131698.7204686104
huobi,usdt,rub,spot,2023-07,59198.451068924005
huobi,usdt,rub,spot,2023-08,151529.59997206266
huobi,usdt,rub,spot,2023-09,45016.12749274193
huobi,usdt,rub,spot,2023-10,140107.09011091825
huobi,usdt,rub,spot,2023-11,137269.42605076067
huobi,usdt,rub,spot,2023-12,161158.50780201153
huobi,usdt,rub,spot,2024-01,69607.53287245226
huobi,usdt,rub,spot,2024-02,85529.56911493918
huobi,usdt,rub,spot,2024-03,84921.54604112862
huobi,usdt,rub,spot,2024-04,40424.593265635995
huobi,usdt,try,spot,2022-04,737104.4560594853
huobi,usdt,try,spot,2022-05,1159193.6973404335
huobi,usdt,try,spot,2022-06,1919120.40830498
huobi,usdt,try,spot,2022-07,5341416.581345621
huobi,usdt,try,spot,2022-08,2077128.037312957
huobi,usdt,try,spot,2022-09,4550551.090133408
huobi,usdt,try,spot,2022-10,2492062.8094250243
huobi,usdt,try,spot,2022-11,557729.1256650693
huobi,usdt,try,spot,2022-12,330114.20803456986
huobi,usdt,try,spot,2023-01,457841.15429504873
huobi,usdt,try,spot,2023-02,315453.91391309083
huobi,usdt,try,spot,2023-03,246116.40155454262
huobi,usdt,try,spot,2023-04,296971.15975568234
huobi,usdt,try,spot,2023-05,252767.46843547164
huobi,usdt,try,spot,2023-06,352829.17561443255
huobi,usdt,try,spot,2023-07,172276.3610873045
huobi,usdt,try,spot,2023-08,209234.2812743893
huobi,usdt,try,spot,2023-09,96247.59131933075
huobi,usdt,try,spot,2023-10,109565.13505133007
huobi,usdt,try,spot,2023-11,82833.25016270971
huobi,usdt,try,spot,2023-12,117018.73414195642
huobi,usdt,try,spot,2024-01,100466.53510082838
huobi,usdt,try,spot,2024-02,98307.6840413501
huobi,usdt,try,spot,2024-03,281673.7692453827
huobi,usdt,try,spot,2024-04,85177.33103423199
huobi,usdt,uah,spot,2022-05,208512.51793699185
huobi,usdt,uah,spot,2022-06,958893.0505681529
huobi,usdt,uah,spot,2022-07,421139.9059904413
huobi,usdt,uah,spot,2022-08,171786.4245781321
huobi,usdt,uah,spot,2022-09,266290.4330973262
huobi,usdt,uah,spot,2022-10,99247.28975175798
huobi,usdt,uah,spot,2022-11,138321.4398251959
huobi,usdt,uah,spot,2022-12,148385.60191310418
huobi,usdt,uah,spot,2023-01,1665107.871491287
huobi,usdt,uah,spot,2023-02,99339.88016324768
huobi,usdt,uah,spot,2023-03,80598.41860963356
huobi,usdt,uah,spot,2023-04,130397.58284713869
huobi,usdt,uah,spot,2023-05,19689.281214019393
huobi,usdt,uah,spot,2023-06,21762.532377829
huobi,usdt,uah,spot,2023-07,15904.893209036885
huobi,usdt,uah,spot,2023-08,36794.27998746224
huobi,usdt,uah,spot,2023-09,38260.721805934925
huobi,usdt,uah,spot,2023-10,9113.961634579306
huobi,usdt,uah,spot,2023-11,7943.097676912302
huobi,usdt,uah,spot,2023-12,10759.694896565752
huobi,usdt,uah,spot,2024-01,48347.23572321422
huobi,usdt,uah,spot,2024-02,16493.758311305202
huobi,usdt,uah,spot,2024-03,29131.02805482146
huobi,usdt,uah,spot,2024-04,6799.551490737027
kraken,usdt,aud,spot,2020-08,843529.1305132757
kraken,usdt,aud,spot,2020-09,2826395.3233033726
kraken,usdt,aud,spot,2020-10,1153266.8756066004
kraken,usdt,aud,spot,2020-11,1710661.0805444552
kraken,usdt,aud,spot,2020-12,5643416.827910534
kraken,usdt,aud,spot,2021-01,11123729.43288109
kraken,usdt,aud,spot,2021-02,7221557.741083786
kraken,usdt,aud,spot,2021-03,6509939.145103969
kraken,usdt,aud,spot,2021-04,15174461.96114752
kraken,usdt,aud,spot,2021-05,23412371.477003317
kraken,usdt,aud,spot,2021-06,7993241.507356531
kraken,usdt,aud,spot,2021-07,6601432.141880268
kraken,usdt,aud,spot,2021-08,14979585.089531071
kraken,usdt,aud,spot,2021-09,14847332.099381339
kraken,usdt,aud,spot,2021-10,23383598.313810453
kraken,usdt,aud,spot,2021-11,30641712.560370166
kraken,usdt,aud,spot,2021-12,12758548.055612534
kraken,usdt,aud,spot,2022-01,11261010.425927155
kraken,usdt,aud,spot,2022-02,8351981.970612396
kraken,usdt,aud,spot,2022-03,10164657.22808135
kraken,usdt,aud,spot,2022-04,7973170.703670575
kraken,usdt,aud,spot,2022-05,9875521.627018185
kraken,usdt,aud,spot,2022-06,8458467.502895001
kraken,usdt,aud,spot,2022-07,5392634.111804354
kraken,usdt,aud,spot,2022-08,5646650.657981288
kraken,usdt,aud,spot,2022-09,5948755.127599805
kraken,usdt,aud,spot,2022-10,8783509.638579829
kraken,usdt,aud,spot,2022-11,14542350.100132167
kraken,usdt,aud,spot,2022-12,5883441.995594075
kraken,usdt,aud,spot,2023-01,12264069.283225281
kraken,usdt,aud,spot,2023-02,15277531.038246673
kraken,usdt,aud,spot,2023-03,33636675.22649892
kraken,usdt,aud,spot,2023-04,28790493.19717542
kraken,usdt,aud,spot,2023-05,34963550.47308819
kraken,usdt,aud,spot,2023-06,37535490.776098005
kraken,usdt,aud,spot,2023-07,39785043.88024696
kraken,usdt,aud,spot,2023-08,44627903.86383622
kraken,usdt,aud,spot,2023-09,30857509.731176198
kraken,usdt,aud,spot,2023-10,46560348.37974295
kraken,usdt,aud,spot,2023-11,61911930.15583247
kraken,usdt,aud,spot,2023-12,58968007.969786644
kraken,usdt,aud,spot,2024-01,57129029.83085496
kraken,usdt,aud,spot,2024-02,61887928.25238529
kraken,usdt,aud,spot,2024-03,89741394.45634893
kraken,usdt,aud,spot,2024-04,64802141.877204984
kraken,usdt,cad,spot,2019-12,134078.62594426374
kraken,usdt,cad,spot,2020-01,427245.20630452456
kraken,usdt,cad,spot,2020-02,799983.7381899385
kraken,usdt,cad,spot,2020-03,1461984.9767551862
kraken,usdt,cad,spot,2020-04,642350.9241445817
kraken,usdt,cad,spot,2020-05,925421.5779877868
kraken,usdt,cad,spot,2020-06,1079580.7563394825
kraken,usdt,cad,spot,2020-07,2698020.7021153187
kraken,usdt,cad,spot,2020-08,4274413.715835346
kraken,usdt,cad,spot,2020-09,5213984.092407423
kraken,usdt,cad,spot,2020-10,3329576.893991713
kraken,usdt,cad,spot,2020-11,6336815.217204334
kraken,usdt,cad,spot,2020-12,11768138.702613069
kraken,usdt,cad,spot,2021-01,20538405.40506738
kraken,usdt,cad,spot,2021-02,21242767.36936817
kraken,usdt,cad,spot,2021-03,16775103.41361737
kraken,usdt,cad,spot,2021-04,26994867.220951654
kraken,usdt,cad,spot,2021-05,37096689.34729167
kraken,usdt,cad,spot,2021-06,21008618.477372784
kraken,usdt,cad,spot,2021-07,15842275.237613816
kraken,usdt,cad,spot,2021-08,22912527.802010156
kraken,usdt,cad,spot,2021-09,23697826.98749244
kraken,usdt,cad,spot,2021-10,35678548.4177844
kraken,usdt,cad,spot,2021-11,39137238.82430938
kraken,usdt,cad,spot,2021-12,40020778.22615565
kraken,usdt,cad,spot,2022-01,47825169.26867157
kraken,usdt,cad,spot,2022-02,21851169.174716365
kraken,usdt,cad,spot,2022-03,32420414.37434113
kraken,usdt,cad,spot,2022-04,38260764.95339911
kraken,usdt,cad,spot,2022-05,36680603.59695968
kraken,usdt,cad,spot,2022-06,23660665.011606403
kraken,usdt,cad,spot,2022-07,15302288.948439064
kraken,usdt,cad,spot,2022-08,14028098.852902882
kraken,usdt,cad,spot,2022-09,18265433.96086592
kraken,usdt,cad,spot,2022-10,23345954.015495762
kraken,usdt,cad,spot,2022-11,33508505.50076222
kraken,usdt,cad,spot,2022-12,35411675.992351264
kraken,usdt,cad,spot,2023-01,35595915.499699615
kraken,usdt,cad,spot,2023-02,25638258.522967253
kraken,usdt,cad,spot,2023-03,39063455.90378417
kraken,usdt,cad,spot,2023-04,41196517.90253279
kraken,usdt,cad,spot,2023-05,33529629.39832939
kraken,usdt,cad,spot,2023-06,27625722.653501354
kraken,usdt,cad,spot,2023-07,33394048.07662195
kraken,usdt,cad,spot,2023-08,29074742.273848087
kraken,usdt,cad,spot,2023-09,22315024.383612677
kraken,usdt,cad,spot,2023-10,31257232.56464713
kraken,usdt,cad,spot,2023-11,44658651.48818733
kraken,usdt,cad,spot,2023-12,29266289.031972513
kraken,usdt,cad,spot,2024-01,33832263.149101615
kraken,usdt,cad,spot,2024-02,27123523.626279764
kraken,usdt,cad,spot,2024-03,51339384.56650593
kraken,usdt,cad,spot,2024-04,21055564.8775632
kraken,usdt,eur,spot,2019-12,2754529.211244561
kraken,usdt,eur,spot,2020-01,14294044.720988514
kraken,usdt,eur,spot,2020-02,35380613.93995832
kraken,usdt,eur,spot,2020-03,56540255.169818655
kraken,usdt,eur,spot,2020-04,50415353.424725644
kraken,usdt,eur,spot,2020-05,59313572.46133297
kraken,usdt,eur,spot,2020-06,82179813.82972708
kraken,usdt,eur,spot,2020-07,122282695.14022733
kraken,usdt,eur,spot,2020-08,237857236.3176744
kraken,usdt,eur,spot,2020-09,222826412.7415192
kraken,usdt,eur,spot,2020-10,192730078.52389497
kraken,usdt,eur,spot,2020-11,368787782.5422015
kraken,usdt,eur,spot,2020-12,582026756.0178388
kraken,usdt,eur,spot,2021-01,1400095395.7831652
kraken,usdt,eur,spot,2021-02,1676109345.8741293
kraken,usdt,eur,spot,2021-03,1878065126.6201131
kraken,usdt,eur,spot,2021-04,2642087108.7919044
kraken,usdt,eur,spot,2021-05,3127817370.784823
kraken,usdt,eur,spot,2021-06,1683616857.8504374
kraken,usdt,eur,spot,2021-07,1250360462.1227713
kraken,usdt,eur,spot,2021-08,1701234989.7396612
kraken,usdt,eur,spot,2021-09,1575998422.7565434
kraken,usdt,eur,spot,2021-10,1616057406.5688913
kraken,usdt,eur,spot,2021-11,2191956977.688435
kraken,usdt,eur,spot,2021-12,2129688629.4544327
kraken,usdt,eur,spot,2022-01,2316213039.3789415
kraken,usdt,eur,spot,2022-02,1911053987.0799158
kraken,usdt,eur,spot,2022-03,1980784447.5998564
kraken,usdt,eur,spot,2022-04,1941051049.009715
kraken,usdt,eur,spot,2022-05,2681962617.9717593
kraken,usdt,eur,spot,2022-06,1738133081.838001
kraken,usdt,eur,spot,2022-07,1672732907.135426
kraken,usdt,eur,spot,2022-08,1634045417.2197673
kraken,usdt,eur,spot,2022-09,2070843869.3920557
kraken,usdt,eur,spot,2022-10,1856869917.8760738
kraken,usdt,eur,spot,2022-11,2224470551.772956
kraken,usdt,eur,spot,2022-12,1914318915.5079987
kraken,usdt,eur,spot,2023-01,1931388749.516303
kraken,usdt,eur,spot,2023-02,1882680868.8051705
kraken,usdt,eur,spot,2023-03,2247564584.2732887
kraken,usdt,eur,spot,2023-04,1915628436.931717
kraken,usdt,eur,spot,2023-05,2452581228.855798
kraken,usdt,eur,spot,2023-06,2743390577.017844
kraken,usdt,eur,spot,2023-07,2743458374.9714003
kraken,usdt,eur,spot,2023-08,3090712295.7859364
kraken,usdt,eur,spot,2023-09,2988629252.4741545
kraken,usdt,eur,spot,2023-10,3462547418.9825773
kraken,usdt,eur,spot,2023-11,3519897333.572008
kraken,usdt,eur,spot,2023-12,3714704694.369207
kraken,usdt,eur,spot,2024-01,4721258514.801418
kraken,usdt,eur,spot,2024-02,4632978864.926918
kraken,usdt,eur,spot,2024-03,5590963453.757702
kraken,usdt,eur,spot,2024-04,3680089648.9088287
kraken,usdt,gbp,spot,2019-12,39855.24948861817
kraken,usdt,gbp,spot,2020-01,264651.4887287801
kraken,usdt,gbp,spot,2020-02,419056.6875483673
kraken,usdt,gbp,spot,2020-03,3327638.38742368
kraken,usdt,gbp,spot,2020-04,1828072.7382652485
kraken,usdt,gbp,spot,2020-05,2679131.40475292
kraken,usdt,gbp,spot,2020-06,4838968.009008223
kraken,usdt,gbp,spot,2020-07,8246718.063001832
kraken,usdt,gbp,spot,2020-08,9160261.748155756
kraken,usdt,gbp,spot,2020-09,7867867.042457799
kraken,usdt,gbp,spot,2020-10,8714175.719795505
kraken,usdt,gbp,spot,2020-11,13053985.530850377
kraken,usdt,gbp,spot,2020-12,28421607.11925428
kraken,usdt,gbp,spot,2021-01,81909963.48078482
kraken,usdt,gbp,spot,2021-02,198670120.4570505
kraken,usdt,gbp,spot,2021-03,172498792.49062744
kraken,usdt,gbp,spot,2021-04,219463377.7692808
kraken,usdt,gbp,spot,2021-05,225476624.24033493
kraken,usdt,gbp,spot,2021-06,131325036.39729258
kraken,usdt,gbp,spot,2021-07,136640586.83189905
kraken,usdt,gbp,spot,2021-08,170987788.94628394
kraken,usdt,gbp,spot,2021-09,192039522.21048254
kraken,usdt,gbp,spot,2021-10,223012196.0146194
kraken,usdt,gbp,spot,2021-11,297192472.68038094
kraken,usdt,gbp,spot,2021-12,315414832.53951824
kraken,usdt,gbp,spot,2022-01,293751273.5564651
kraken,usdt,gbp,spot,2022-02,212471558.7870165
kraken,usdt,gbp,spot,2022-03,249102370.58477104
kraken,usdt,gbp,spot,2022-04,225286979.8994892
kraken,usdt,gbp,spot,2022-05,295951921.4659463
kraken,usdt,gbp,spot,2022-06,161571003.0299226
kraken,usdt,gbp,spot,2022-07,144662895.5514092
kraken,usdt,gbp,spot,2022-08,115181761.06123918
kraken,usdt,gbp,spot,2022-09,163320692.89457446
kraken,usdt,gbp,spot,2022-10,166752793.58453894
kraken,usdt,gbp,spot,2022-11,218662632.01251304
kraken,usdt,gbp,spot,2022-12,216032863.4958696
kraken,usdt,gbp,spot,2023-01,256628251.71550044
kraken,usdt,gbp,spot,2023-02,252691590.36996752
kraken,usdt,gbp,spot,2023-03,359622215.3760882
kraken,usdt,gbp,spot,2023-04,233810818.04516906
kraken,usdt,gbp,spot,2023-05,272226908.70388794
kraken,usdt,gbp,spot,2023-06,254053462.634924
kraken,usdt,gbp,spot,2023-07,258124632.15223935
kraken,usdt,gbp,spot,2023-08,304050907.1403856
kraken,usdt,gbp,spot,2023-09,279154199.8313139
kraken,usdt,gbp,spot,2023-10,324528553.02360153
kraken,usdt,gbp,spot,2023-11,353326126.27918845
kraken,usdt,gbp,spot,2023-12,331755845.0607176
kraken,usdt,gbp,spot,2024-01,341054255.20060515
kraken,usdt,gbp,spot,2024-02,361981975.60844564
kraken,usdt,gbp,spot,2024-03,575115177.4121935
kraken,usdt,gbp,spot,2024-04,330563569.7013782
kraken,usdt,jpy,spot,2020-05,15096.334501654099
kraken,usdt,jpy,spot,2020-06,296274.0684662607
kraken,usdt,jpy,spot,2020-07,61579.677910823775
kraken,usdt,jpy,spot,2020-08,73578.45898815629
kraken,usdt,jpy,spot,2020-09,103873.36076053386
kraken,usdt,jpy,spot,2020-10,85482.99778651146
kraken,usdt,jpy,spot,2020-11,1028808.1544160597
kraken,usdt,jpy,spot,2020-12,707792.9775894153
kraken,usdt,jpy,spot,2021-01,1710788.4531608212
kraken,usdt,jpy,spot,2021-02,1668462.7584367646
kraken,usdt,jpy,spot,2021-03,792535.3775298162
kraken,usdt,jpy,spot,2021-04,2454367.6040068804
kraken,usdt,jpy,spot,2021-05,2295366.5709754215
kraken,usdt,jpy,spot,2021-06,1068656.5750162567
kraken,usdt,jpy,spot,2021-07,298520.4416323341
kraken,usdt,jpy,spot,2021-08,925569.0375129747
kraken,usdt,jpy,spot,2021-09,734188.1715830378
kraken,usdt,jpy,spot,2021-10,1731379.0220230042
kraken,usdt,jpy,spot,2021-11,3241435.8175080945
kraken,usdt,jpy,spot,2021-12,732039.5073668144
kraken,usdt,jpy,spot,2022-01,747669.4101500594
kraken,usdt,jpy,spot,2022-02,656748.0404567657
kraken,usdt,jpy,spot,2022-03,1755966.3338684652
kraken,usdt,jpy,spot,2022-04,2198902.379175943
kraken,usdt,jpy,spot,2022-05,1145732.9670573284
kraken,usdt,jpy,spot,2022-06,574208.7669780918
kraken,usdt,jpy,spot,2022-07,317858.43942078215
kraken,usdt,jpy,spot,2022-08,434401.03046368924
kraken,usdt,jpy,spot,2022-09,467193.8751689548
kraken,usdt,jpy,spot,2022-10,389218.0866910616
kraken,usdt,jpy,spot,2022-11,2341767.629367466
kraken,usdt,jpy,spot,2022-12,688725.7512378956
kraken,usdt,jpy,spot,2023-01,666960.6554827493
kraken,usdt,jpy,spot,2023-02,199475.98535321746
kraken,usdt,jpy,spot,2023-03,1945920.7775775378
kraken,usdt,jpy,spot,2023-04,367464.9529650071
kraken,usdt,jpy,spot,2023-05,121324.35667159513
kraken,usdt,jpy,spot,2023-06,328966.1397345138
kraken,usdt,jpy,spot,2023-07,178290.63983436886
kraken,usdt,jpy,spot,2023-08,130973.66201204102
kraken,usdt,jpy,spot,2023-09,113173.23271344918
kraken,usdt,jpy,spot,2023-10,325683.6233953089
kraken,usdt,jpy,spot,2023-11,110485.89130477354
kraken,usdt,jpy,spot,2023-12,451682.0434687343
kraken,usdt,jpy,spot,2024-01,421700.6437754726
kraken,usdt,jpy,spot,2024-02,79550.77514986423
kraken,usdt,jpy,spot,2024-03,234619.1830585092
kraken,usdt,jpy,spot,2024-04,192477.08054109328
kraken,usdt,usd,spot,2019-01,142542065.98560256
kraken,usdt,usd,spot,2019-02,67994865.62148763
kraken,usdt,usd,spot,2019-03,48264046.43815196
kraken,usdt,usd,spot,2019-04,198574191.99484983
kraken,usdt,usd,spot,2019-05,156330705.47549856
kraken,usdt,usd,spot,2019-06,119147352.13586338
kraken,usdt,usd,spot,2019-07,76569852.86670952
kraken,usdt,usd,spot,2019-08,59496716.54792879
kraken,usdt,usd,spot,2019-09,54956550.435187586
kraken,usdt,usd,spot,2019-10,54061441.020683244
kraken,usdt,usd,spot,2019-11,50986034.479636654
kraken,usdt,usd,spot,2019-12,54037687.60804892
kraken,usdt,usd,spot,2020-01,55676486.06724459
kraken,usdt,usd,spot,2020-02,73427599.69278252
kraken,usdt,usd,spot,2020-03,135210314.79663464
kraken,usdt,usd,spot,2020-04,158663109.2942592
kraken,usdt,usd,spot,2020-05,205661232.16607824
kraken,usdt,usd,spot,2020-06,169423875.24779168
kraken,usdt,usd,spot,2020-07,187062782.71819505
kraken,usdt,usd,spot,2020-08,352043362.8334633
kraken,usdt,usd,spot,2020-09,426647934.6108861
kraken,usdt,usd,spot,2020-10,383775864.83826786
kraken,usdt,usd,spot,2020-11,726804141.8225123
kraken,usdt,usd,spot,2020-12,1400376626.261546
kraken,usdt,usd,spot,2021-01,2312665290.4362617
kraken,usdt,usd,spot,2021-02,2415548129.4955688
kraken,usdt,usd,spot,2021-03,3188649707.4596095
kraken,usdt,usd,spot,2021-04,4376207000.67532
kraken,usdt,usd,spot,2021-05,6431782034.756716
kraken,usdt,usd,spot,2021-06,4288274371.575266
kraken,usdt,usd,spot,2021-07,3145398900.534833
kraken,usdt,usd,spot,2021-08,4229943439.073761
kraken,usdt,usd,spot,2021-09,3733568430.665449
kraken,usdt,usd,spot,2021-10,4009970185.9377527
kraken,usdt,usd,spot,2021-11,4235785507.077608
kraken,usdt,usd,spot,2021-12,4550786697.576296
kraken,usdt,usd,spot,2022-01,3517376823.4293723
kraken,usdt,usd,spot,2022-02,3001748965.2871947
kraken,usdt,usd,spot,2022-03,3836503312.579103
kraken,usdt,usd,spot,2022-04,3474098379.1526637
kraken,usdt,usd,spot,2022-05,5386668575.632622
kraken,usdt,usd,spot,2022-06,3844707292.205603
kraken,usdt,usd,spot,2022-07,2502023995.599595
kraken,usdt,usd,spot,2022-08,2418993196.9469614
kraken,usdt,usd,spot,2022-09,2798029531.1801095
kraken,usdt,usd,spot,2022-10,2976968756.8512073
kraken,usdt,usd,spot,2022-11,6553009059.693909
kraken,usdt,usd,spot,2022-12,3792176755.2081246
kraken,usdt,usd,spot,2023-01,4009032570.626715
kraken,usdt,usd,spot,2023-02,4540352168.812562
kraken,usdt,usd,spot,2023-03,5755116676.1418085
kraken,usdt,usd,spot,2023-04,2171601975.1802297
kraken,usdt,usd,spot,2023-05,1964618158.2680125
kraken,usdt,usd,spot,2023-06,2608663650.1800256
kraken,usdt,usd,spot,2023-07,2201668237.2285743
kraken,usdt,usd,spot,2023-08,2743360227.637997
kraken,usdt,usd,spot,2023-09,2396305257.6685195
kraken,usdt,usd,spot,2023-10,2770981226.379221
kraken,usdt,usd,spot,2023-11,3453421337.4138875
kraken,usdt,usd,spot,2023-12,3387929717.573004
kraken,usdt,usd,spot,2024-01,4240311818.028306
kraken,usdt,usd,spot,2024-02,3902332424.92934
kraken,usdt,usd,spot,2024-03,5622322663.2766695
kraken,usdt,usd,spot,2024-04,3368057739.783071
kucoin,usdt,brl,spot,2022-06,7328687.042053052
kucoin,usdt,brl,spot,2022-07,4956104.830661391
kucoin,usdt,brl,spot,2022-08,5807147.7489314545
kucoin,usdt,brl,spot,2022-09,15112428.097409757
kucoin,usdt,brl,spot,2022-10,928578.3618733209
kucoin,usdt,brl,spot,2022-11,558497.9182246028
kucoin,usdt,brl,spot,2022-12,1575985.7669555852
kucoin,usdt,brl,spot,2023-01,2474221.5247206376
kucoin,usdt,brl,spot,2023-02,2500887.613716906
kucoin,usdt,brl,spot,2023-03,4051724.4239416984
kucoin,usdt,brl,spot,2023-04,3368160.337461768
kucoin,usdt,brl,spot,2023-05,3434251.2257173453
kucoin,usdt,brl,spot,2023-06,4192113.2377814255
kucoin,usdt,brl,spot,2023-07,3910207.0923806885
kucoin,usdt,brl,spot,2023-08,5020371.434081874
kucoin,usdt,brl,spot,2023-09,3173385.0012694607
kucoin,usdt,brl,spot,2023-10,4290950.339719638
kucoin,usdt,brl,spot,2023-11,5144600.692236905
kucoin,usdt,brl,spot,2023-12,3876717.940178781
kucoin,usdt,brl,spot,2024-01,3941093.411224202
kucoin,usdt,brl,spot,2024-02,3701923.4066114957
kucoin,usdt,brl,spot,2024-03,6920606.551000952
kucoin,usdt,brl,spot,2024-04,3172365.0930153774
kucoin,usdt,eur,spot,2022-06,3172605.3477122183
kucoin,usdt,eur,spot,2022-07,8220452.778350338
kucoin,usdt,eur,spot,2022-08,6168898.521214794
kucoin,usdt,eur,spot,2022-09,0.0
kucoin,usdt,eur,spot,2023-03,6070885.53222636
kucoin,usdt,eur,spot,2023-04,6251635.3462892845
kucoin,usdt,eur,spot,2023-05,11121433.945205366
kucoin,usdt,eur,spot,2023-06,20236504.915590744
kucoin,usdt,eur,spot,2023-07,24150824.84946261
kucoin,usdt,eur,spot,2023-08,25561729.087104533
kucoin,usdt,eur,spot,2023-09,22618441.90922248
kucoin,usdt,eur,spot,2023-10,33352043.642718084
kucoin,usdt,eur,spot,2023-11,20242331.778934047
kucoin,usdt,eur,spot,2023-12,39436716.893364266
kucoin,usdt,eur,spot,2024-01,38008751.235507846
kucoin,usdt,eur,spot,2024-02,43237072.65596433
kucoin,usdt,eur,spot,2024-03,68932780.40258774
kucoin,usdt,eur,spot,2024-04,33469362.766167708
kucoin,usdt,gbp,spot,2023-03,4516134.54055043
kucoin,usdt,gbp,spot,2023-04,4869360.504334165
kucoin,usdt,gbp,spot,2023-05,10606527.770945424
kucoin,usdt,gbp,spot,2023-06,13144694.98078085
kucoin,usdt,gbp,spot,2023-07,15666636.109124243
kucoin,usdt,gbp,spot,2023-08,17415346.907015473
kucoin,usdt,gbp,spot,2023-09,13286463.102244033
kucoin,usdt,gbp,spot,2023-10,9861713.580533113
kucoin,usdt,gbp,spot,2023-11,5849865.612682586
kucoin,usdt,gbp,spot,2023-12,4673453.060469837
kucoin,usdt,gbp,spot,2024-01,4549056.559224311
kucoin,usdt,gbp,spot,2024-02,5277110.628028773
kucoin,usdt,gbp,spot,2024-03,6440384.906815934
kucoin,usdt,gbp,spot,2024-04,3205781.2887299615
liquid,usdt,usd,spot,2021-11,11165819.716209717
liquid,usdt,usd,spot,2021-12,15674712.918202462
liquid,usdt,usd,spot,2022-01,4760509.262616891
liquid,usdt,usd,spot,2022-02,4580978.016284282
liquid,usdt,usd,spot,2022-03,4774685.6476623155
liquid,usdt,usd,spot,2022-04,7536527.625410397
liquid,usdt,usd,spot,2022-05,13649332.698532045
liquid,usdt,usd,spot,2022-06,5485107.619006037
liquid,usdt,usd,spot,2022-07,3770046.46072856
liquid,usdt,usd,spot,2022-08,4408202.629423216
liquid,usdt,usd,spot,2022-09,2032773.161904952
liquid,usdt,usd,spot,2022-10,1295913.1259171397
liquid,usdt,usd,spot,2022-11,1859070.8211055652
okex,usdt,brl,spot,2024-02,194421.58533032567
okex,usdt,brl,spot,2024-03,652339.3837537976
okex,usdt,brl,spot,2024-04,1299449.7542870548
okex,usdt,eur,spot,2023-11,38259.05021488377
okex,usdt,eur,spot,2023-12,635684.2612847007
okex,usdt,eur,spot,2024-01,1710995.080544796
okex,usdt,eur,spot,2024-02,984926.0786841793
okex,usdt,eur,spot,2024-03,1864825.2213983438
okex,usdt,eur,spot,2024-04,991390.789180587
okex,usdt,try,spot,2023-11,29.985017714127498
okex,usdt,try,spot,2023-12,274619.80586497835
okex,usdt,try,spot,2024-01,1869383.300465687
okex,usdt,try,spot,2024-02,998174.625706359
okex,usdt,try,spot,2024-03,26902793.30006513
okex,usdt,try,spot,2024-04,49072584.113481805
therocktrading,usdt,eur,spot,2022-01,8434.226012
therocktrading,usdt,eur,spot,2022-02,957790.9399437988
therocktrading,usdt,eur,spot,2022-03,1211525.276491771
therocktrading,usdt,eur,spot,2022-04,1318300.9417656604
therocktrading,usdt,eur,spot,2022-05,2114053.5755368844
therocktrading,usdt,eur,spot,2022-06,680636.1680515062
therocktrading,usdt,eur,spot,2022-07,633402.1617777053
therocktrading,usdt,eur,spot,2022-08,506993.0390845347
therocktrading,usdt,eur,spot,2022-09,489375.66653004126
therocktrading,usdt,eur,spot,2022-10,340017.6259430405
therocktrading,usdt,eur,spot,2022-11,926601.4502620341
therocktrading,usdt,eur,spot,2022-12,442724.74144453945
therocktrading,usdt,eur,spot,2023-01,398214.05214041023
therocktrading,usdt,eur,spot,2023-02,375605.5120466893
